Frame,EAR
0,0.5787076284290029
0,0.9746215504317172
0,0.8580423359535349
0,0.8542473108434173
0,0.4527341308699028
0,0.5274754878398197
0,1.0059247933616509
0,15.81455026233753
0,177.83911829507144
0,0.35633727555857514
0,1.0112498989015306
0,0.329252303934259
0,0.5959191244212532
0,0.012449912047907005
0,1.3035891948155531
0,0.038934501177990646
0,0.7033476766866957
0,33.10932673257599
0,0.758530612840374
0,0.9940364663855356
0,0.96389291720006
0,1.8869356705250597
0,61.2503835404867
0,1.4240469916672045
0,5.2188463089107815
0,0.6695218862718126
0,1.000004000047872
0,0.31622776601683794
0,1.01939639501875
0,0.9950288388781784
0,inf
0,113.81586005473929
0,1.2611786323091534
0,0.999001005979046
0,0.9798603412161024
0,1.3947779865339818
0,0.8534330539813323
0,3.5355339059327378
0,inf
0,1.411440594603736
0,31.166065596279154
0,0.42288771203062137
0,0.9940964372314349
0,0.0
0,0.3904344047215152
0,0.7112811277965442
0,0.7082133551147461
0,0.763441361516796
0,1.46027659949672
0,1.0059386218260256
0,2.518868125783982
0,0.5217278011396203
0,1.025515296002081
0,0.9960803612839784
0,1.1424811380995954
0,36.2476670303142
0,1.2566797490423858
0,1.016225089952963
0,7.779728239970872
0,0.8189329513039841
0,1.0184788491608163
0,1.040569415042095
0,6.026445181512969
0,0.34845414500526845
0,4.592474813808839
0,1.1366283093765346
0,1.4205827569304308
0,2.5021688782242095
0,0.8831572528239422
0,0.0686034153274427
0,1.0079840003774576
0,1.7687231302503608
0,3.4477236736249606
0,0.9489541183091746
0,0.6884562367625122
0,5.791332320878862
0,1.0394397605101913
0,1.055448501657861
0,0.9651173817115566
0,1.0224415860283622
0,1.4585157012728258
0,1.116937053894474
0,0.711784854409932
0,1.0287610619469025
0,0.8312945782245396
0,1.2785207798918972
0,1.0285111133103624
0,1.615257799979495
0,1.0139403283400716
0,1.2368063247749699
0,0.005805067127758646
0,1.0351844543836781
0,2.065324293440291
0,1.032479612532465
0,0.861989204313696
0,0.00196078431372549
0,0.7026239069801571
0,0.6872081484265772
0,0.01652481817238968
0,0.9734610635941475
0,50.10581321267135
0,0.35564473070702624
0,5.0197648378370845
0,0.9329304664323911
0,0.9769931075232263
0,0.7909308696097797
0,0.5398345637668168
0,5.1568776039816795
0,0.7169958618488491
0,0.8647522182869415
0,1.0627890034601961
0,28.93598114687169
0,1.008944535319849
0,1.0331944596174574
0,0.008456192267942229
0,1.0017058675169617
0,0.885994284003307
0,1.2539993277269341
0,0.9969565394246069
0,0.5
0,1.0261461498405444
0,1.0068605361663916
0,1.0010089303459908
0,90.15611460128481
0,1.416059646364275
0,1.0080258540270368
0,0.922554897412486
0,0.9959596126176252
0,1.416059646364275
0,1.0090088756619553
0,0.00277296776935901
0,1.0309771905422171
0,0.9929324528228957
0,1.3692427877465467
0,1.0089531858283398
0,0.9990205708993365
0,1.04580777125966
0,1.0277237289797463
0,1.0029459499367328
0,0.7607016961955032
0,0.6025261234715349
0,1.0132494374990135
0,1.0521633036290161
0,0.8913038897102309
0,1.0170610691792452
0,3.371333295804914
0,1.0193548220398647
0,0.9467979074734909
0,0.913844836126409
0,0.7929074844952018
0,1.2541367354372044
0,0.8485819553129098
0,18.226205608411583
0,1.0111792774768276
0,1.01626427699838
0,0.9930197605449866
0,1.3567941357842113
0,1.2272911933533235
0,1.01517442819938
0,0.9930197605449866
0,0.9850348173374063
0,0.5091223087987506
0,1.017211553197366
0,1.0415876867592102
0,0.9745994135934808
0,0.5
0,0.9877769402196932
0,1.008165280085739
0,1.0737034844228277
0,1.459682367644871
0,1.0000000005507261
0,0.9104982326293901
0,1.4142135623730951
0,1.289365998471305
0,1.0609024306050985
0,1.0161880201332798
0,1.053698343712802
0,1.0237568376595638
0,1.069980519513625
0,1.0061350463594787
0,0.11795479022578538
0,1.513035852061343
0,1.3811162779280761
0,1.0080991988126744
0,1.069980519513625
0,0.42425887713561494
0,1.0081967213114753
0,1.0195170301426102
0,2.303888111313037
0,1.6212301573445271
0,0.7207236364135845
0,1.0020597610453998
0,1.0744434272731505
0,1.5161080336894743
0,0.953563649266539
0,1.0159832368439963
0,1.1090100097682072
0,1.0161943319838058
0,1.0469286358748102
0,1.1154504815396453
0,inf
0,1.066708000552944
0,21.824396131924317
0,2.630670127148407
0,0.9959015384864711
0,0.9534736547231557
0,21.824396131924317
0,0.014833613200998158
0,0.9565588400450733
0,0.9956633346167205
0,0.013775411200083115
0,1.4242673762512745
0,1.029077258954444
0,1.0546934121126403
0,1.0287830740972663
0,0.03629886586972128
0,0.9721914030788144
0,0.34406549408211656
0,0.9860189154084068
0,1.0661850530192194
0,1.6449860007589863
0,0.3694204599959171
0,1.0030170465244235
0,1.0767695322505153
0,0.9644213699261944
0,0.9278536293406557
0,3.7047864847977765
0,1.3791350772832347
0,1.0280277448485133
0,4.340024395947733
0,1.0398243462498682
0,0.9887180611274649
0,1.0791920620288935
0,1.286748752425963
0,1.0010090827871028
0,1.020755389880356
0,1.3625560792380251
0,0.01447785696263752
0,0.8773912784148804
0,0.9308636614069433
0,0.9312992267440497
0,0.9860100128821531
0,0.9706024318113419
0,0.5844922610974957
0,0.8721420233884518
0,0.9765238883844765
0,0.8555218945302816
0,1.0030435767915689
0,1.0022323558733144
0,0.9920815363675541
0,1.1118104824527504
0,1.0363779749227109
0,1.01179645805842
0,1.0245206351405238
0,0.8749269871457611
0,0.9691801691833906
0,18.3542772521425
0,1.036420228207551
0,1.1047013963149852
0,1.0906535089691136
0,0.7320959819548768
0,1.4553620512528844
0,20.814375690302654
0,1.0802554977026155
0,0.7512049866586628
0,1.0328550973384156
0,1.0119598738799744
0,1.0677525375112993
0,1.0110634731756007
0,1.0060728744939271
0,inf
0,0.47726070210921173
0,0.4028415918750679
0,1.0039939773775222
0,0.38564140389286256
0,57.0201735954007
0,0.9970326962348425
0,1.0019880637284564
0,40.47994419860794
0,0.283123094226392
0,0.7958127591820007
0,0.8503183281278632
0,0.6408778635392529
0,69.89222472437888
0,0.9907377874473163
0,1.0440555702219811
0,1.048805625277845
0,0.7212425141383568
0,0.7450255165951132
0,1.0136163167490218
0,1.0000039211841367
0,2.9558623842324945
0,0.9774336989457182
0,1.012122924416954
0,1.0090653755112102
0,1.0248425239907888
0,1.009180213687502
0,1.4100226187865148
0,1.018335974010337
0,1.0341831258708458
0,inf
0,0.9979798741413967
0,0.9768771674042064
0,1.5708145800038478
0,1.0287284931033163
0,63.75
0,1.3999137264032917
0,1.9837583510144319
0,1.327415031464896
0,0.3625852656079676
0,0.7678258971653013
0,0.9949444883129542
0,1.341840079306753
0,0.9959536253291165
0,0.9940633812471782
0,inf
0,0.6228940241914855
0,1.036690605228218
0,0.008338458002432778
0,0.9999980394136672
0,0.925994132194159
0,1.0153065529501804
0,1.0331569182700324
0,0.5043495451396324
0,0.8580607349142888
0,1.064630971355257
0,1.0131957373110696
0,27.60482610472167
0,0.9960474308300397
0,1.033458179767907
0,1.069477052290961
0,1.0249064260657683
0,1.964183023505618
0,0.9950613676394479
0,1.0425255497830166
0,1.3013864859597433
0,1.0009852226302507
0,60.45175440492949
0,18.255384303032148
0,1.0253735856474049
0,0.8890973579433513
0,0.9950485461502702
0,0.9919427351302238
0,305.8980156401965
0,1.203078731248493
0,0.10309192357487049
0,0.9816410298817335
0,1.0
0,0.7317079210434925
0,1.5133955380810045
0,0.976301351739102
0,0.030892054584927296
0,1.7539234182340095
0,0.9901205496959627
0,inf
0,0.9240428941849561
0,1.0141737142397351
0,0.9817244729628645
0,1.0009696388373173
0,0.9921479234324179
0,0.02072602800258169
0,1.2628901715807286
0,0.9955807049373245
0,0.4980392156862745
0,1.2828574960698018
0,1.0039979526465062
0,0.8525662419441699
0,0.029510385641666557
0,1.3185914619832038
0,125.62661877421998
0,3.0296762131225723
0,1.0140280002343944
0,1.0691424467489623
0,1.2848168568075864
0,159.3800490186788
0,0.6983911634054425
0,0.7066765817489024
0,1.0000000001269882
0,3.5319598999903756
0,17.972629405826545
0,0.5762540551592666
0,0.4567075176626797
0,49.756444818797846
0,15.543092765479894
0,1.0010090869599662
0,1.0019644749062313
0,1.0101502089227559
0,0.9960726872640675
0,0.9773077087414289
0,0.028085365667416984
0,0.8859383126329505
0,0.9875690527735462
0,1.0141129032258065
0,0.6324555320336759
0,1.0113838814989775
0,1.0029653201320021
0,0.9930847524015571
0,0.9940020122007377
0,0.016978652337031053
0,0.987804377982945
0,1.1513878188659974
0,0.9867388280599758
0,0.9960159362549801
0,0.6688311104941865
0,0.644655770564202
0,0.9866660401743089
0,1.0797346346294248
0,1.3989425925541579
0,0.9725812822667583
0,1.0522938003895488
0,1.0263541586993634
0,1.391965023859883
0,1.0060100039578277
0,0.9835399397240797
0,0.00196078431372549
0,1.0718151457286704
0,35.22892141417153
0,0.996002246337001
0,0.9989722627515333
0,0.617851130197758
0,8.224369190525842
0,1.0089723824915058
0,0.9868881733364133
0,0.6133100389715709
0,2.4774408260550276
0,0.6763760546568498
0,0.9950368025123133
0,0.9960059519039361
0,1.0124637736374622
0,1.007114831336182
0,1.0000000000322575
0,0.9959616860689388
0,1.007114831336182
0,0.8340769228017566
0,0.9840380735643042
0,0.9990089825039932
0,0.9832186303643493
0,1.010204081632653
0,0.9959246147071277
0,0.9970170472400544
0,0.9782179083500538
0,3.215620759668178
0,0.9889042651544548
0,18.04590231135966
0,0.980198098363816
0,57.243340223994615
0,0.980198098363816
0,0.75
0,0.9999980701072153
0,0.9828734899242937
0,22.249552100093563
0,255.0
0,1.0110641176191404
0,1.0131987026384208
0,43.56064062619724
0,0.9847549971299483
0,0.421539973104792
0,0.9861073797674816
0,137.02535822850461
0,57.296126628494655
0,63.5
0,0.9960299026399737
0,0.38693844413549267
0,0.9969931301205515
0,0.8100868364730213
0,0.4894647358716494
0,251.75322371510205
0,0.2297330414274946
0,0.9821503799553417
0,1.0215636283873881
0,0.8100868364730213
0,1.0565161538182968
0,1.354400374531753
0,0.9808704871195437
0,0.6929450588795051
0,0.9920497453122437
0,1.3511317704558894
0,0.9990050670553907
0,85.66500116646176
0,0.7084946216868349
0,0.9793743919538647
0,1.016361866667161
0,3.246436460430319
0,0.9979633156084252
0,7.701989273739992
0,1.0050823357000842
0,0.8397285607570899
0,0.7071013440575549
0,7.701989273739992
0,0.9870010020030019
0,1.0009852226302507
0,0.9889979142611838
0,12.276407332405944
0,0.9872715548395518
0,1.033032987247866
0,0.982884654456057
0,14.981381586886297
0,0.8474719818697433
0,1.0058811050546792
0,1.0131423838858704
0,1.3482227365607211
0,1.0666160234426
0,0.794373459993595
0,1.3348657311693541
0,1.4297093287039508
0,1.4044911926468773
0,1.770974461251832
0,1.0150127127832742
0,0.9899494936611666
0,1.362903242747079
0,0.8478599725694173
0,1.013065031289158
0,0.8867770752291922
0,0.9728258018456298
0,0.4736412945594736
0,0.8542473108434173
0,0.35565852249885815
0,0.7783913686659069
0,1.0880286895535713
0,0.8663713376329709
0,0.5072232059835535
0,1.16324741129206
0,0.8649542928207397
0,3.206273933189219
0,0.8509429772542714
0,1.1594307477854517
0,1.407227730323327
0,2.7578356409132936
0,1.057073001395679
0,1.0254682678265452
0,0.6949468649666696
0,0.9871980520196025
0,1.3206539186572877
0,1.3394543932695813
0,1.0189854703968235
0,0.3970410140741922
0,1.0172895762745395
0,0.709889209670503
0,0.7113003771340031
0,0.5080361126891028
0,0.8945330443397331
0,0.9960908407098055
0,0.8312945782245396
0,1.0104580546864244
0,1.163455087245441
0,0.8608855861321404
0,1.0040983606557377
0,2.5021688782242095
0,0.9768197740522863
0,2.546624062881496
0,0.998021789870397
0,30.315561338775634
0,0.9948906522162789
0,1.268630414906419
0,0.6472135954999579
0,1.0101440325073714
0,0.6551228127573218
0,0.9930683560050838
0,0.9957025550286628
0,1.4432161903200529
0,3.53860116293255
0,0.9989970226529887
0,1.3728129459672882
0,1.0021235184370358
0,0.9858565741137266
0,1.4011104734397724
0,0.0
0,0.98723283564785
0,1.002012096954223
0,1.3905881248488705
0,0.815940064213542
0,1.0000038903087918
0,0.9931461662657327
0,1.8082577962842268
0,0.9821503799553416
0,1.5
0,2.692582403567252
0,0.9970248757659192
0,1.0030081964073887
0,0.9960100236719571
0,1.014053026497477
0,1.9513258063571262
0,1.8874258867227933
0,1.0120896241793405
0,0.8659361161155472
0,1.0039702145737839
0,0.9960061421222892
0,0.02780671102690183
0,1.0
0,1.0405096208695315
0,0.9990128399553392
0,2.850781059358212
0,1.0010090869905954
0,2.624893082321929
0,0.3612815052316835
0,1.0010090869905954
0,2.624893082321929
0,0.6035533905932737
0,1.0040078087667588
0,1.0131835243033458
0,1.0080039525537325
0,1.2795919022496565
0,0.9880259600221508
0,1.0265408536334741
0,0.5018149019439974
0,0.984339254479908
0,0.9889609610561413
0,1.4708710135363803
0,0.5018149019439974
0,0.9754110510254176
0,0.9889609610561413
0,1.390118141645099
0,1.3510161272743162
0,0.019860612392229252
0,1.6977493752543307
0,0.999001002254694
0,0.4398307180446903
0,1.3321127935162766
0,1.003041565683474
0,1.0041753477848647
0,0.709885164552139
0,0.7329593669914506
0,1.1542319631876106
0,1.021334031101254
0,0.03568652710798275
0,0.008306015642156451
0,1.093428643517445
0,13.352570087907903
0,0.9941041718551098
0,1.00442039059042
0,0.9973341671555181
0,0.9960571874159617
0,1.1597791654231289
0,nan
0,0.010626664641079074
0,1.266461414023564
0,0.01753778805882188
0,30.141075427149833
0,0.001386483884679505
0,0.9343442324755915
0,0.5269651864139677
0,1.0475166342554194
0,0.9950719952117362
0,0.5049573162057067
0,0.9747790497501839
0,0.017698122844920266
0,0.9312401450910496
0,0.001968503937007874
0,1.0019374442955324
0,157.80307303517048
0,0.5019723634926108
0,0.9970288288419453
0,0.9664908748737985
0,0.35424731084341743
0,1.2721990034944095
0,0.7469549315277222
0,0.493283592928268
0,0.6345888667726126
0,0.8958842852196063
0,0.3287979746107145
0,0.6986179644443173
0,0.8004193328528494
0,1.2249714993534544
0,1.1131077003866308
0,0.8535533905932738
0,1.0346076636749855
0,1.4254156825973336
0,0.8472581680740104
0,inf
0,1.1713032141645454
0,1.414213562373095
0,2.065324293440291
0,0.8853453162872774
0,0.8368941924804153
0,0.9486832980505139
0,0.00196078431372549
0,0.5439530134801678
0,28.62188933350521
0,0.9930644815158881
0,0.7300894966542111
0,0.0
0,1.2042806602305696
0,1.0333586434002042
0,inf
0,296.88642098559853
0,0.0
0,1.2686628948660112
0,1.618033988749895
0,1.007185366110289
0,1.584652289093281
0,63.75196847342608
0,0.9990167456709622
0,0.8975117283731484
0,0.5163310733600728
0,1.0059777812794963
0,1.007989929228155
0,1.3504531657193608
0,0.003106357128989725
0,1.7549090728803685
0,1.168377379139449
0,0.00392156862745098
0,0.9921124685962295
0,0.4472135954999579
0,inf
0,1.0161144676316087
0,inf
0,1.397502195025722
0,0.9940020121029814
0,1.040569415042095
0,1.011000994034803
0,1.0050210903967862
0,0.3563372539836744
0,11.037885760578428
0,1.0135017434033309
0,0.007817979505203208
0,63.75122547417707
0,1.0037786612415498
0,1.0041602235900118
0,1.0751683088925648
0,1.0000316820660504
0,1.618033988749895
0,0.9635717809694915
0,128.00098424815457
0,0.8533774504320623
0,0.900163058296317
0,0.5
0,0.9811935752296825
0,1.0407376615295507
0,0.7824736176850183
0,1.008909885621707
0,0.8646284266434854
0,0.3535533905932738
0,1.0407376615295507
0,0.8533848344268204
0,0.7055736932450981
0,0.4377200150743426
0,25.723606797749976
0,0.001386483884679505
0,0.9808325831013665
0,0.9999876260688335
0,0.46420174488286625
0,1.3538509376029437
0,7.884517497411533
0,inf
0,0.9959920003905184
0,255.00882322412048
0,0.6431495835784671
0,0.884334164984697
0,inf
0,0.7071054165462725
0,0.9315516419063741
0,0.5490633736057197
0,102.20170747379434
0,0.5368754921931593
0,nan
0,0.8650798194686369
0,0.3612969384988369
0,1.0246837597519745
0,0.47071067811865475
0,0.8474383884041524
0,1.9849690270027538
0,64.0
0,1.0110249704292833
0,0.8138854146196031
0,0.9980237154150198
0,0.9843137254901961
0,1.4226440642831149
0,0.9071683239352001
0,1.000005835453818
0,1.0029411641252237
0,0.5009813514289585
0,1.0053267381956053
0,1.0443638422783508
0,0.8678990020871801
0,1.5412410329420847
0,0.8678990020871801
0,1.3879157278843888
0,0.35032614509380117
0,1.002973232028135
0,1.0339980300856302
0,0.85256622665853
0,0.7772374952243924
0,0.9980198251973933
0,11.751402893866072
0,0.4642383454426297
0,1.4755293222469203
0,1.002960708905231
0,0.6523803329579446
0,1.0000019374795337
0,0.88687469217892
0,1.008965121830003
0,80.63808033429366
0,0.6917701445692563
0,0.8559305518921874
0,0.4800183411772167
0,0.3922322702763681
0,0.8542473108434173
0,0.35217782373532497
0,0.7282015955579879
0,inf
0,62.86573237600477
0,0.891468729381856
0,0.6452847075210474
0,0.7239036864592032
0,1.2127860829168875
0,0.43171103788798165
0,1.357287110338339
0,0.0
0,0.8701055268217535
0,0.12126781251816648
0,0.6452847075210474
0,0.5057509327903719
0,0.9941215068555079
0,1.0038271162625596
0,30.924243297604093
0,0.5345177968644247
0,0.9930956955306488
0,0.29894993309399615
0,179.95867581197632
0,0.9930956955306488
0,1.897161552314957
0,1.0196373641024563
0,0.9990167186932428
0,0.0071031033894297995
0,1.5960393034946456
0,0.9988843671371544
0,1.4190182776172595
0,1.0341868547957935
0,0.8494822516357727
0,1.2139332490549393
0,0.8189995039704493
0,0.6796859440217472
0,1.0020181247454614
0,1.1900276304116264
0,1.006259516851373
0,0.9980700291366379
0,0.011740980736177407
0,1.3558965205675724
0,1.0826199515870019
0,1.4269996689328155
0,0.4996635825975415
0,1.1323115351184767
0,0.8808145903192113
0,1.0072577988467197
0,1.0331184220941922
0,0.8181295423269049
0,1.062816490078162
0,0.9979831561754093
0,1.0019685039370079
0,0.7485832597961694
0,0.9892392785066662
0,0.9753531989920532
0,1.0069179667167225
0,1.0784420431237212
0,1.007202676957821
0,1.0019685039370079
0,1.008333116054608
0,1.253439370329813
0,1.570087712549569
0,0.9860719064407877
0,1.0144551131543789
0,1.346218514441217
0,0.6970961253775274
0,0.9980125226559844
0,0.8253606346180754
0,0.8387040936367504
0,0.9738356589218604
0,11.226342647129975
0,0.8696634752545793
0,1.0145071421505107
0,0.995087545514281
0,0.02199841617105147
0,1.0040567790096697
0,0.9584693244215323
0,0.5037309490996249
0,0.8197168662758385
0,1.0091141781819304
0,0.806225774829855
0,1.0008728826614555
0,1.007425437539656
0,0.9900420334868264
0,2.6090014125618493
0,1.0200311475041335
0,0.9926169448119483
0,2.7297641809969893
0,0.8765200205141371
0,0.8865466594820764
0,1.1067971810589328
0,1.0221481809200046
0,1.025788867350846
0,0.9989022157621927
0,1.0481472881596217
0,1.0030086856761593
0,0.7742649065010927
0,0.9918283718248138
0,0.8632810510908572
0,0.4300833143284113
0,0.8644631560744863
0,1.001013127956526
0,1.015776232371211
0,1.0421340048415295
0,0.015115911630494343
0,1.0154628262474403
0,1.0071065144095348
0,0.7925122070560374
0,0.8907637755222332
0,0.7173267202121937
0,1.0112450792749392
0,0.9979860750624989
0,0.9960396503947868
0,inf
0,0.7109772228646444
0,1.4637136185324926
0,1.0328400888137699
0,1.1552585430389455
0,0.9925777910282577
0,0.9938837346736189
0,0.5990223074434126
0,1.010588476104682
0,0.9452990542188154
0,0.9373385413369995
0,0.6983269964849997
0,2.655772300866554
0,0.005978679185130542
0,1.0696536184408094
0,2.598014082075631
0,2.835755975068582
0,16.953746979518716
0,1.2360296343158081
0,0.877166263598002
0,1.4357643001768141
0,1.0358178903798705
0,1.0590169943749475
0,1.204531145716823
0,2.4582774230578863
0,1.9798989873223332
0,0.007580910044907738
0,0.8177262791988431
0,0.8803916448510355
0,0.6570326400152416
0,1.3810999510980464
0,0.7767019828647159
0,0.9163204815650187
0,1.0420183193113277
0,1.369718266744754
0,1.7979137617146732
0,1.0249611646749535
0,0.6955274184550311
0,1.003009006035868
0,1.009938362000237
0,1.00702100155192
0,0.9412927839629484
0,1.3850144618698481
0,0.8576064990422273
0,1.2905694150420948
0,0.9919314683802961
0,1.0123223011248814
0,0.4701562118716424
0,1.0049929620914648
0,0.40307366924168875
0,0.9766690411662057
0,1.0265006940659194
0,0.0013892051405624214
0,1.0231662979493752
0,1.0265006940659194
0,0.9990049702792415
0,8.568757834362852
0,0.9977851578566089
0,inf
0,1.0378924368060127
0,0.8943392132854603
0,0.905691906205235
0,1.0381928664459434
0,0.9649892684265188
0,0.9950328470627766
0,0.9842252372363952
0,0.9850417989512129
0,0.9948446948656944
0,1.2747548783981961
0,0.010626664641079074
0,0.9768982476217499
0,0.8464077211617349
0,0.9806640127381376
0,1.006294042099415
0,0.9806640127381376
0,1.006294042099415
0,0.9877254099496937
0,1.3986644025094395
0,0.8872956928409582
0,49.65025252847039
0,0.8852252169648415
0,0.9586744288996648
0,0.7901444565287786
0,0.04436748430974415
0,0.9980262139458888
0,0.9659990530089394
0,0.9033389023583045
0,1.3862538491980816
0,1.3862538491980816
0,0.027425230437437016
0,0.9403040370133992
0,1.0283667737936808
0,1.0029691782844672
0,1.377703652993211
0,1.0169110466012223
0,1.013130249807186
0,0.9701574592534239
0,1.9818616595847436
0,0.9794718109714476
0,1.099742886242516
0,1.003009006035868
0,0.98553235992915
0,0.00554593553871802
0,1.003897675906186
0,0.33628684007934534
0,1.0060261005353799
0,1.0186824229283784
0,1.4504793108437235
0,0.01448071530810687
0,1.0114276512217826
0,0.5869891287048311
0,0.9876185832067516
0,23.46828162117029
0,1.0069850180188264
0,0.9926571907474961
0,0.9647940236248501
0,1.0081236359029155
0,1.0040463498612506
0,63.63606283836049
0,0.9867450335887268
0,0.9989682693546716
0,1.0149253080052436
0,0.9688253648206525
0,0.9918617236959961
0,0.43852900965351466
0,0.973686648501062
0,0.9846909142718031
0,1.415566842764801
0,0.9657263745161304
0,0.9989471566935219
0,0.9699120502563945
0,1.0101724855329648
0,0.8495281709322813
0,0.9848599920101743
0,1.0082790221151086
0,2.1100662558703847
0,0.9793342376097972
0,1.007143655111312
0,0.9499272696087872
0,1.0133407414194275
0,0.9756275509359958
0,0.9899706840281449
0,1.0031686592702702
0,0.43826001025706857
0,0.9955699596610172
0,0.8876293901952944
0,0.28173367249674097
0,1.0010672182945022
0,1.0210151743598137
0,0.0
0,0.9823548981698415
0,1.0600981801037037
0,0.9803517426001973
0,1.4266390808220561
0,1.0061349441679135
0,1.0306119956763446
0,1.0060706884298776
0,1.0000019372953883
0,1.373285918582589
0,87.06514604041826
0,1.0049769318160013
0,0.572908873107269
0,1.137377439199098
0,1.0049494973468014
0,17.773125637905544
0,1.0245285798957096
0,1.011417735273533
0,0.9990205860505752
0,0.99502091039323
0,0.7046272648159267
0,0.8308098750582881
0,0.9970129542183257
0,6.246109900481169
0,0.9879364660721699
0,1.0503967431950403
0,0.7769114170819708
0,1.0221755241238404
0,5.544812011347447
0,inf
0,0.018270830415941894
0,0.9931084823589428
0,179.78207345250158
0,0.8741644963940435
0,1.125562976829181
0,inf
0,0.5039254132877945
0,0.016117273066701708
0,1.0622785803792356
0,0.032598180215764425
0,0.35216963599700385
0,1.3654508444691933
0,0.9665914896153892
0,1.0217504986968242
0,0.012573445000494239
0,inf
0,1.8461265335171508
0,0.3645091801711843
0,0.7127081013507183
0,0.7282015955579879
0,4.809542004660259
0,0.9922082074060627
0,0.8589246342067391
0,0.41467226568829896
0,153.55452196485186
0,0.857240622284022
0,0.8099612050926489
0,0.7113196702020879
0,0.7273987479012763
0,0.40573106996631564
0,0.018928100453074654
0,0.7130393379856834
0,0.34518613763860106
0,1.405886583474342
0,1.0099403187654137
0,0.6803155988150027
0,0.008786104762783237
0,0.9910843633843425
0,0.022928088123411926
0,0.5276339317395355
0,61.498862469519295
0,0.9840960041166351
0,0.8961215675343694
0,0.5086415720144072
0,0.9949930062222259
0,11.086194128499477
0,101.54353384485796
0,0.0
0,1.7228226744955506
0,0.024405012192043638
0,0.9960649372936752
0,0.9859463489936421
0,0.45343560809995204
0,1.411440594603736
0,0.7113028347375461
0,0.6187184335382291
0,5.225904745505409
0,0.9931421083879113
0,0.9891974761633999
0,0.35495079150468395
0,2.23606797749979
0,4.174483882858278
0,1.4044713377175473
0,1.0070009259802295
0,3.192582403567252
0,36.214426321164936
0,2.065324293440291
0,1.7392978557902865
0,1.0043534433368633
0,0.9881637583441343
0,1.851229586821916
0,0.19611613513818404
0,1.0118969287864181
0,68.59181402110625
0,1.0007427253366175
0,1.2023356081383791
0,0.8092268597832386
0,0.523222803229753
0,1.4661093633664184
0,80.32185256827682
0,6.060740677859476
0,0.8576197493639425
0,0.7559313780692171
0,84.83366141605153
0,1.0050453728197009
0,1.1542187602146372
0,1.4141693764841141
0,1.022426960142666
0,1.209071394905093
0,0.007499409510381344
0,1.3511431759321777
0,35.639487607470976
0,5.3383095436647325
0,0.9941661328933983
0,1.407222729009464
0,0.3817206807583979
0,38.46379297859964
0,1.020476041268608
0,25.86075120522392
0,1.4037843622228048
0,1.0414888289962971
0,1.4506016374263746
0,13.883549300393994
0,1.327187914129614
0,1.1769787082402898
0,0.5192770382570355
0,0.4761819187636386
0,0.06540124583487802
0,0.7114472534462458
0,0.9491970459964644
0,inf
0,0.9804557933469245
0,0.5093767067354313
0,1.1597791654231289
0,0.22360679774997896
0,1.0090210183178436
0,inf
0,1.0029810823684737
0,0.8522854058203786
0,0.4426616574158291
0,inf
0,0.963472912362008
0,0.023804088907718252
0,1.0
0,27.39274634654175
0,0.37874612428318877
0,0.2948402078406894
0,1.0476654740948197
0,0.6829812696071148
0,0.6927432846483629
0,0.5666933458976315
0,10.077136155333477
0,0.17535647904469806
0,0.3772504758068594
0,1.3796892524524795
0,0.35637041687503124
0,1.7403147926536888
0,1.262377439199098
0,0.9890614215506885
0,1.4471318934179187
0,1.0099716654717297
0,0.6084983931342764
0,0.7689680251242945
0,0.9960629921259843
0,0.3570668751429581
0,1.275330920925778
0,0.6360079855813867
0,1.007000998002998
0,0.6732846499069323
0,0.7988166107044998
0,0.8621767415370304
0,1.0206184704763115
0,1.6505048943922076
0,0.8641687695193963
0,0.02150407126081904
0,1.0099601593625498
0,0.8603100541610831
0,2.032640354712212
0,1.0112222838540237
0,2.99300677899806
0,1.8257336223204383
0,0.9966199695633189
0,0.9407764608225455
0,0.8086249408715838
0,1.013998696077644
0,1.077660499118041
0,1.12395624605337
0,56.95468068065913
0,0.9439929155194652
0,0.8353238502118808
0,40.47715405015526
0,0.9097800641786109
0,1.065601463490475
0,0.35847290828632766
0,0.015087656087740268
0,22.023614768613673
0,0.7113237738086319
0,0.4179543937318978
0,0.014659646999796836
0,5.699028445558873
0,0.9790531907531139
0,1.0183359755749517
0,1.054829107115795
0,0.9999775321784666
0,0.8600225300909877
0,0.9882399116589468
0,1.7497822648167984
0,0.8740049361722365
0,0.028600835787864296
0,0.7319926599040977
0,0.9326909386024873
0,1.1543203766865056
0,inf
0,0.024683186318547913
0,0.46898241280025116
0,1.002973232028135
0,inf
0,0.9002341872383682
0,254.00049212741447
0,1.008038048270194
0,0.6087628934709736
0,1.4072498400765723
0,1.008038048270194
0,0.6201736729460423
0,0.8628451640749638
0,0.008905294973934634
0,0.009881422924901186
0,0.6535153198032421
0,81.48012176929157
0,0.943650317030929
0,13.106264839400316
0,0.9850457498799572
0,1.6130884826781224
0,0.5038997573279168
0,0.7915989986420526
0,354.6144022094286
0,1.0205021739132702
0,21.46749975168147
0,1.4323591553509374
0,1.107763651352375
0,20.470542464071155
0,0.9899011266774739
0,0.3239667075666241
0,6.723711277716527
0,0.02408174579825338
0,1.006952977714863
0,1.014190170864364
0,43.56943051724478
0,0.7837189573219784
0,0.4449848064128698
0,1.0232749446440186
0,0.844215154995389
0,0.729805925359421
0,1.03728569717602
0,0.3954206869355225
0,inf
0,0.9919956692840979
0,1.4472135954999579
0,1.0029537227532708
0,1.0181469288747804
0,40.31904016714683
0,1.0041470840391067
0,1.0254142655862997
0,inf
0,32.37598037708017
0,61.727702721432514
0,1.0239591096939806
0,1.0245417764605993
0,91.21677477306463
0,1.1779289893015783
0,46.08269473564194
0,0.8521531955624159
0,0.5053460659559433
0,98.55478014662772
0,0.9949933044347459
0,0.9930546464762888
0,61.321302871694385
0,1.0237232287518323
0,1.3933582167889236
0,inf
0,0.8570476190459257
0,0.7098933954403412
0,0.9950524595621347
0,1.0069848630819216
0,0.9999730885600515
0,49.29299660562829
0,1.4269940064207187
0,0.3584865190684469
0,9.203800646965666
0,0.35990393217039185
0,0.026387532637300117
0,0.8857485367247621
0,1.3495864094170424
0,0.35355339059327373
0,1.383440125759526
0,1.0059900119979086
0,1.0175372599278432
0,217.40636018061556
0,6.864889820561141
0,1.0109650506100325
0,3.7257149508309544
0,0.5147838864559319
0,1.394729145985803
0,0.0626832725684049
0,0.3601841810198067
0,0.8610538207027659
0,26.87105017912247
0,1.4099671895519112
0,0.36410355104384656
0,127.5
0,0.017202574693588855
0,0.9941119372929372
0,0.718498529875307
0,304.69231184313196
0,0.8566299495082439
0,1.0080140079497757
0,0.016440248076747252
0,0.4970365553703588
0,1.903666617741445
0,1.0120259921164148
0,0.9989931329738351
0,0.7678483880264015
0,0.005907889459620458
0,0.030898199829710708
0,1.2043338134171884
0,0.7035075151929526
0,1.0019939800862188
0,1.2445480631782329
0,0.7127431368802127
0,0.9980237154150199
0,0.01407728384509419
0,57.24378039315068
0,0.9890922919093973
0,1.4169974473383964
0,0.714103174189177
0,inf
0,354.6144050266123
0,160.4876171121115
0,0.007182373058693205
0,91.57310108878393
0,0.9872597554477749
0,358.8570401238166
0,0.7222222222222222
0,1.0049929620914648
0,2.0751601886392885
0,216.69925339942904
0,1.1308246342998376
0,1.0040038730635141
0,1.038352442587262
0,inf
0,0.04345528128001592
0,0.868815317515284
0,0.7142095188901093
0,0.6201736729460423
0,10.114460738909163
0,68.82978375618708
0,0.8559438123034376
0,45.32840392028094
0,1.1987841619411324
0,0.7496976092671315
0,87.20711477798129
0,1.015097524655667
0,0.04292792299129809
0,0.8011602860211148
0,70.4469249206041
0,0.9334345926532245
0,1.0030050061461029
0,1.0039721443983636
0,1.060999198275346
0,0.8613762461406941
0,2.0278120261247956
0,3.1266074096874306
0,0.5049495050504655
0,2.066472659800169
0,0.5608257973477404
0,0.5019801902704262
0,1.1221324381327897
0,0.014187932206123514
0,1.0049495011834388
0,0.7073719574453029
0,0.5089798886959891
0,1.0019685039370079
0,0.8274760308752451
0,0.7232723574851226
0,0.34299717028501764
0,0.49803149606299213
0,1.056225774829855
0,40.3202802569625
0,0.40962299561855425
0,1.405861907477191
0,0.015112266216071523
0,1.3554596060714708
0,25.520759793984812
0,1.3294042017684333
0,0.8261297173761164
0,0.6884977067436615
0,1.0054736311135388
0,1.008189114670615
0,48.1440071092876
0,0.7300030423873393
0,47.35394966673509
0,1.0
0,0.05733994576106956
0,1.032261918867764
0,0.5351905237702036
0,0.8559239184942565
0,1.947216505203265
0,0.0033804028401115314
0,118.32840367647138
0,0.02427343957643302
0,0.016637806616154056
0,1.0285508899829112
0,1.2031759609532897
0,0.7170674030323831
0,1.2810249675906653
0,0.5060467548756532
0,1.4059001176418373
0,0.0182245946990485
0,0.8749729483197849
0,inf
0,0.05324341763436575
0,0.5746372899207969
0,1.03138607706137
0,0.9942223084098277
0,1.766755150080521
0,1.0000155610537953
0,1.205721659269006
0,0.023078140285599902
0,1.0029575977309007
0,0.8921303549804595
0,0.35635932587248015
0,50.14828950929324
0,1.4966883205416743
0,1.4212021616798545
0,1.0141352457731074
0,1.0079324624216812
0,0.28218708338240633
0,1.0739878074152753
0,1.0070089298971276
0,1.0204347681151833
0,0.011869166245262294
0,1.532454669795477
0,0.3535533905932738
0,1.0019607387558422
0,1.2525843239324552
0,3.35625099892013
0,1.016
0,0.8564345241161486
0,0.9805806756909202
0,14.70755566509532
0,0.3733621066365169
0,1.0049926222150822
0,0.3607415166704859
0,0.005931457763633038
0,1.0039584276885727
0,0.5212531724562737
0,62.50012500037499
0,0.9969564313809012
0,0.9980119363656501
0,58.634753008425
0,0.4264161607752029
0,0.9665299471952831
0,41.46984785131284
0,0.845016030811087
0,0.7168758112790465
0,0.4743416490252569
0,0.9813428820974337
0,1.974660874290467
0,0.37642502810067097
0,1.2297822474438187
0,30.057570738703276
0,56.15448524846001
0,1.0090694402379183
0,0.9175033944909317
0,1.0090408515643043
0,2.9646655526789396
0,0.8552391469179508
0,0.5280588545286916
0,0.8563254287529364
0,0.01869870146821958
0,1.3848343851245708
0,1.398963612396596
0,37.71501322049645
0,0.6483717702955812
0,306.75568743955546
0,0.8552286622723759
0,128.00393694685215
0,1.185529536053086
0,0.9989970457475772
0,1.1772926543744602
0,1.4059084605085421
0,1.290052759274845
0,0.873022548184945
0,1.0000079368543786
0,0.9376171108187233
0,1.4213371720632162
0,0.12053278571468617
0,0.9999682559837392
0,0.8751601221961093
0,1.475145678543937
0,0.998015920603994
0,0.045140424129038695
0,5.429350770406547
0,4.602873635686913
0,0.021825224984732734
0,32.00098423671304
0,28.398063314247327
0,1.4114296774077937
0,9.06400816878749
0,1.0012137311027283
0,127.5009803883876
0,0.970978721629289
0,0.8072585370621974
0,0.8162277660168379
0,0.3607753983041886
0,0.9950797185381921
0,0.5309073193326754
0,0.8861912611456417
0,0.1386750490563073
0,0.8608825674371753
0,1.2388514883618333
0,0.6985013642630391
0,1.0073257550719574
0,0.7719461256433923
0,0.7110542502805973
0,inf
0,0.942592035095748
0,1.608291729936545
0,1.1324555320336758
0,0.3472581680740104
0,0.02630162651365203
0,0.5270462766947299
0,0.4889009635942012
0,0.8377236770623795
0,1.0572024714883033
0,0.8382264599868493
0,85.1759077452726
0,0.5438203892956357
0,0.8421789008847731
0,1.289290164744946
0,1.0166582861030389
0,0.02651277619745616
0,0.6885861424869852
0,1.0218366605042186
0,1.400561431401784
0,1.0265309274601926
0,5.724404710953018
0,1.0140977301526013
0,2.7255474530845665
0,0.3549535856886798
0,0.024780940370246383
0,0.5968564716806983
0,0.008367981096149562
0,0.5310791937137203
0,114.04122060432513
0,0.75313458437109
0,0.5497028779677907
0,1.398750344788207
0,1.0340856329025978
0,0.9941176470588236
0,1.4951057336753089
0,0.5062029716112052
0,1.0
0,1.0057400266022942
0,0.5099439711789586
0,0.004504420494627436
0,1.455479039349203
0,1.033051097948492
0,2.53224755112299
0,1.0094503960335461
0,1.3775067006241528
0,0.9980085200100759
0,0.019547453928741628
0,1.4059001392170714
0,0.7025954428376993
0,0.5100395818073334
0,inf
0,1.0022227133671604
0,0.003929265501403597
0,80.63808033429368
0,1.034632683571831
0,0.88790238454194
0,2.5583363680084634
0,0.6780900227456766
0,2.5583363680084634
0,0.9622997624171477
0,126.99999999999999
0,1.0298979014792407
0,0.005761630149958371
0,0.9218548123582125
0,1.0440647444690594
0,0.5468294702689896
0,1.618033988749895
0,0.7315491659080396
0,1.4397192959830327
0,1.0264841208686222
0,178.19443320942577
0,0.981122184645912
0,0.9715362501482202
0,0.9022998603839553
0,1.0142212992553117
0,1.0995990625925003
0,1.0353416877204678
0,0.94521325745068
0,1.0059405708416675
0,1.5392470019185132
0,0.8610135997492163
0,1.032507305598576
0,1.8634186653264366
0,0.9999284907607919
0,3.9798972645526716
0,0.5029850423304747
0,0.5161232180500845
0,0.00784313725490196
0,3.437632385786204
0,0.9872289336843183
0,1.1982654935508132
0,1.3153324401901703
0,2.0475678070385945
0,1.1571425368027008
0,0.859306964237712
0,0.9921395391044082
0,1.563014581273465
0,3.3449375986612204
0,1.0049495011834388
0,0.9823568784784936
0,0.22573119959717292
0,1.9280267832453997
0,0.7144633338693347
0,0.9542114516903466
0,0.9980296011337778
0,1.1133632583155921
0,90.51036123115514
0,0.8904344047215151
0,0.5350438562747845
0,0.996051336515546
0,217.40636018061556
0,1.6795506961510873
0,1.4269751189213304
0,0.9920890805634829
0,345.11527097821005
0,0.3073916627470318
0,1.2229935502062508
0,1.0019782024310395
0,inf
0,1.1103598751188537
0,0.5195084242045263
0,1.4672680249772228
0,0.9055935850405455
0,1.7549090728803685
0,0.9990089725742344
0,0.6708203932499369
0,1.085011346830658
0,1.3717353981291762
0,0.03701747367586376
0,0.06623651970269356
0,0.06623651970269356
0,0.0
0,1.001905850460781
0,0.04327894417754659
0,0.8535533905932736
0,0.45482166141966784
0,1.2538270033168082
0,89.44900782009826
0,0.5545750216549771
0,0.8751352077817356
0,0.9989226598145198
0,0.1386750490563073
0,2.167095352062673
0,0.8791312414356323
0,2.613301616106901
0,1.044735401611122
0,0.8684881428222817
0,1.0309067236059584
0,0.9871785433946886
0,0.014699840091100421
0,0.5118732075427694
0,0.9653724200706164
0,1.1165221097773306
0,1.2015827659992064
0,0.8582259816942888
0,0.39075364531836626
0,inf
0,0.005308052512130485
0,0.9980120321759325
0,1.0285048462803885
0,1.0009692103459082
0,0.012005997144033205
0,0.9791013977266678
0,0.9999862684886187
0,63.12599600012722
0,1.1211258005404179
0,1.5033895588165849
0,2.06613380289336
0,0.4032098262808168
0,0.011569257907286577
0,12.347922436452938
0,1.2937238121013885
0,1.0050129775523629
0,1.3691680412292466
0,0.5934517901751981
0,0.9960669134330076
0,0.5
0,1.037332870790349
0,0.9901205494444714
0,80.48027769788037
0,1.2002908503982224
0,1.2207876542506617
0,0.8220766210480257
0,0.8614540216447133
0,0.7210012988167729
0,0.38529394117254445
0,0.7077347871339662
0,0.8614540216447133
0,1.0074095967105796
0,26.953895710681216
0,0.445855227183539
0,0.9850334818224655
0,0.985118944179957
0,1.0059425198308762
0,0.014943134090461966
0,0.6611900977401762
0,0.5043844470147054
0,2.214323042160402
0,1.029348563616865
0,1.919396997211026
0,1.0996016852199724
0,52.70568174769115
0,152.45180266489882
0,0.6897992470247564
0,2.653943276465977
0,0.95513831639175
0,61.491804622719314
0,0.484961066718044
0,0.006345182538287605
0,128.20710678118655
0,0.9695394501029428
0,80.63839036032331
0,4.685211634442819
0,0.5109530985996493
0,6.008327554319919
0,0.8645054985719053
0,1.4170112071767536
0,1.909090909090909
0,0.788621202237608
0,0.9980061523689698
0,0.11791189311879074
0,0.6127536198799189
0,0.7085000909984118
0,0.5058706385747094
0,2.3597829652211213
0,0.05675242189939094
0,1.0510326537654122
0,0.35868402273923217
0,0.006072824724222332
0,0.8467407261054661
0,0.6402357186079624
0,0.8760825177144517
0,0.01584843211729996
0,1.9433762546298579
0,0.04735235552547825
0,1.259151799222295
0,1.6261981299313069
0,1.6905505916054049
0,1.5587053284869228
0,1.7428957298542074
0,1.0307245637011275
0,2.9411507318027508
0,15.179501958296969
0,0.4980277576790715
0,1.4280625155782842
0,0.7425991379203675
0,0.9409898638527966
0,1.1270455240024995
0,0.6984790580310374
0,0.6931035936608831
0,0.5812846600079893
0,0.5
0,0.022507836874127173
0,0.5094888597836177
0,0.4753537046418209
0,0.07700474530095441
0,18.08403660835763
0,inf
0,2.7135943621178655
0,0.9371004584146373
0,0.7155355419659617
0,0.7099860108607158
0,0.7355705481496467
0,0.8593702559466264
0,0.874411119512774
0,0.49927014243096207
0,1.01084204550804
0,1.005093681502888
0,0.5665877319276257
0,0.6821529240977375
0,1.0254111608804541
0,49.47053761506336
0,63.18780818921383
0,0.13303802104754786
0,1.0049573044899236
0,0.5957261030921532
0,1.4184461842526008
0,0.8596238933052629
0,0.7189131688924395
0,0.7076759624844987
0,1.017121081018516
0,1.5582288592684774
0,15.678457422762126
0,0.7183850281869454
0,0.9960403885022571
0,0.053723786249044204
0,0.6367588775945
0,0.9821094232005768
0,0.8739639285763234
0,0.9980259243070909
0,0.39204123808581387
0,4.531219368248194
0,0.8636977872507136
0,1.7000181680896458
0,1.4689909390575044
0,0.611424433702809
0,1.0172275747296244
0,1.0476350833180526
0,1.6858504654710553
0,0.6977393206310047
0,52.61786321265981
0,1.6857658617911988
0,0.42196561234781244
0,1.0110210021043853
0,0.9802395395138459
0,0.7071053948426564
0,1.0566350195842518
0,1.0030009980029981
0,1.585160148681816
0,2.1183191682795117
0,0.46055512754639893
0,0.8993513602907253
0,1.0030130664635941
0,2.4224049869435205
0,33.483140379229255
0,0.6261554601477836
0,0.6966357453862634
0,0.5020120643052192
0,8.343673636652161
0,1.7034401140835185
0,0.9980119843044565
0,0.8530775180606919
0,0.9968587347003864
0,0.03205431440660147
0,1.0049612997004358
0,23.477270735893942
0,0.9339558795512232
0,0.9980158730158731
0,0.7615490016361978
0,0.9980159045711976
0,1.0019957974528704
0,1.0009890539995883
0,0.5533603740937074
0,1.2121365038739882
0,1.0029930141198555
0,1.0079109168503981
0,1.0070009861923348
0,1.0010009859798983
0,1.008127822047941
0,0.3683722599861658
0,0.014576610919857605
0,1.2107219637005224
0,1.0162331873317774
0,0.9960416110467962
0,1.055895564212177
0,1.0139059413647766
0,1.435610644871844
0,0.9960140786475433
0,47.69515697584484
0,2.1817821063276353
0,0.9990010303012121
0,0.5
0,0.8458871981302605
0,0.9990010303012121
0,inf
0,0.9871671111936892
0,0.9960239044780869
0,0.9958164096054012
0,0.9872597785744852
0,1.048057609099009
0,1.0849490850324541
0,1.0000000000000002
0,0.3464311141555729
0,1.0080321285140563
0,0.1910938354123028
0,9.170064138046644
0,0.9940477515347322
0,1.0160841463439219
0,3.356640880488126
0,1.4072498075008333
0,179.96215289306974
0,0.9910415304708956
0,0.8923601600843697
0,1.4072498075008333
0,0.8563678293759674
0,0.8923601600843697
0,0.92549980015984
0,6.373534501806576
0,1.0081132888858213
0,0.8617931052014748
0,0.5140945916755467
0,0.7417215599217708
0,1.0140260199256192
0,1.0004186847216805
0,0.9859622214412601
0,0.6283183114664324
0,0.5281033465106494
0,1.0009813514289585
0,0.8515926062795481
0,1.2083352608059539
0,0.621184123359464
0,0.7198289446393826
0,1.0223882646726468
0,27.27704326131554
0,2.014931342886276
0,0.9990245338702325
0,1.213160642334864
0,0.04682991720139398
0,0.35564193121018783
0,2.0312320528104255
0,1.6994231702025129
0,0.35633724323861043
0,0.012651784979606999
0,98.25496662792646
0,0.37973889056758786
0,0.9960707421417212
0,0.9880681367241031
0,1.4177714526101788
0,0.3577291749338107
0,0.03327587986459008
0,2.751867502680346
0,0.9027064059449222
0,0.8532678968939925
0,0.7043120256337095
0,1.1515254752739101
0,0.7288784095094799
0,0.8576198443030942
0,0.540380868795857
0,1.2546643676826201
0,0.7141161068274482
0,1.0431296836294581
0,1.0059386218260256
0,1.201924616483889
0,1.2835016187589101
0,41.750413201986326
0,0.7918852057778492
0,0.9929180431004355
0,0.029896317138447624
0,0.5095423460963364
0,1.445998227224093
0,0.5954687087223837
0,0.5417486343901743
0,0.7801433896588821
0,0.5183517667535976
0,1.4044885516261303
0,43.820142866802854
0,1.4072277193639149
0,5.902081476648776
0,0.8646547721787119
0,3.5847028492189517
0,20.141244007337562
0,0.36744335302620473
0,0.988151995786911
0,11.83360418613822
0,4.038613141113825
0,1.1144600421632203
0,1.043917727208526
0,1.101043886491897
0,0.9979377222104908
0,0.9762560824314928
0,0.8986814839260254
0,0.7577361057335971
0,0.9970129542183257
0,7.457909383061763
0,1.0050128151725581
0,1.7550042697283053
0,3.4896804036530407
0,1.5419233829945014
0,4.4618534443315
0,1.5419233829945014
0,0.6188052175099612
0,18.266865668422145
0,5.22383047297721
0,0.01333201193589972
0,1.3167810116444452
0,0.07390640892078762
0,11.401754250991381
0,0.10522147747822064
0,0.024571768154866946
0,1.0606795221937297
0,128.0
0,0.6856953381770519
0,0.9100244851011748
0,32.0
0,0.9482150460809773
0,0.760555127546399
0,0.40394653672556463
0,1.3685603721020507
0,0.8589034039948281
0,1.0
0,0.8155726482969073
0,0.02295952937946914
0,0.399292344448846
0,inf
0,1.5127423399098159
0,1.0099600020799082
0,1.0606601717798212
0,0.5219692816073953
0,inf
0,0.997040449477343
0,0.3714425015471383
0,0.24352063525039194
0,6.203351745777753
0,1.35635649369194
0,1.173549991079298
0,0.9855812600154957
0,0.8598505691452903
0,2.4543217314055448
0,7.3506996037687085
0,0.13971734937861677
0,5.556146616222523
0,14.392800156468512
0,1.2975778115364374
0,1.3975895323329848
0,0.22786415001155932
0,5.737790604089501
0,0.8382151044640013
0,0.05297175561735447
0,1.4044454781244793
0,0.35844780578728225
0,0.8885347007386768
0,0.8615211958699704
0,1.2471237026020356
0,0.502370556569521
0,4.031659721652829
0,0.004530957349721822
0,0.2987236218049871
0,0.5527718070502174
0,1.2085155907891685
0,0.0031185624275706044
0,0.7071067811865476
0,1.0110653558031437
0,0.6855503348299148
0,0.8535533905932736
0,1.0530703689650216
0,0.01975214231757762
0,0.0041676154216872645
0,0.013778566535631734
0,0.7634413615167958
0,0.8321141566183543
0,92.30669591804546
0,1.001471723583075
0,2.6210361950334304
0,7.686207128103948
0,3.314527418303942
0,1.0122886054447267
0,13.883549300393994
0,0.8606812921601823
0,1.2023598940116935
0,0.9849407691116456
0,0.9960331081465307
0,0.005905511811023622
0,127.5
0,1.1239071468492223
0,255.0
0,0.7857142857142858
0,1.02051760426961
0,1.4170251090608275
0,1.0039998414031257
0,1.0009813514289585
0,inf
0,1.0588245873959425
0,0.8827814623394018
0,0.5039638152280349
0,1.0100248583485334
0,1.006013964424557
0,0.008308843411562702
0,0.9377061349654866
0,1.0119264296419697
0,31.686842686300047
0,0.024335951069320044
0,1.0080019841953327
0,1.2090639584065739
0,0.5
0,0.9938588447784392
0,1.2043392719940076
0,49.202032451477955
0,1.408674378927571
0,0.758577078908992
0,1.0148223684777091
0,1.0009970059949822
0,1.015215459029615
0,1.18682364895128
0,0.985299021804312
0,1.0079679373993782
0,0.4712945958778895
0,1.0000278392921178
0,2.0621298708284264
0,0.017865564870860485
0,1.2403624302149125
0,1.04816580047863
0,0.03509951505640029
0,24.622576110846357
0,0.8525595669994416
0,1.2129995720938869
0,357.0903219379801
0,1.0089492336081014
0,0.736260777040461
0,0.8500184639833723
0,0.5040043063814873
0,43.481272036123116
0,34.75229054722898
0,25.7
0,0.9990206165167207
0,0.36405700818797326
0,1.0119200678082458
0,0.8909328425011886
0,0.9853068139154508
0,5.37771128687712
0,1.4128339743013816
0,11.094569983881023
0,0.7168883582297395
0,0.6002450479987809
0,126.87512327404184
0,3.7978765198714677
0,64.0
0,1.0311308578389802
0,179.9590231135966
0,64.0
0,0.9950719995813742
0,0.35355339059327373
0,0.9593043293811963
0,16.695366490694095
0,307.4590231135966
0,1.5701797865614977
0,0.0043930523813916185
0,1.3233714915796344
0,0.9812653955982061
0,179.07496667131502
0,0.6946604821571924
0,59.398840272528886
0,1.221909769410074
0,inf
0,0.9979797581121014
0,0.6018856793669237
0,0.992108523846506
0,1.0347743925726027
0,0.12528172680714375
0,1.0059482898626078
0,0.8835549335623726
0,0.9463080523230538
0,1.0059760956175299
0,357.4442253810922
0,0.029174786687643013
0,0.7099415426603642
0,inf
0,1.018648409317998
0,0.5728176176946054
0,0.024704184892262972
0,0.36643346566424834
0,0.801013490912051
0,1.0102551316990707
0,0.011857707509881422
0,0.8991836715195753
0,1.3673201704422675
0,0.3542473348919473
0,130.54236165353672
0,49.80401584405196
0,1.007958136834408
0,0.7099085130400499
0,0.42298843950379705
0,14.50493335656116
0,3.2834778747887357
0,1.4239970447279298
0,0.04087915128782486
0,0.013362531846941543
0,1.2090752851235553
0,0.8018313204469961
0,1.3954796994786212
0,1.0619752429126597
0,0.6063390625908325
0,0.22360679774997896
0,inf
0,0.5033670641481418
0,0.9357307835992829
0,0.6338591828156209
0,1.0
0,4.031645508958075
0,12.907729065165267
0,1.0039741590750386
0,1.2202976689587275
0,1.4844843444207898
0,89.97933790598816
0,1.3089572082044156
0,0.009959772450567709
0,1.8030066838423986
0,1.4005412157003478
0,2.838498511721853
0,2.9431747586863373
0,0.5083755508977766
0,0.511850645252199
0,2.231360338513615
0,59.986341037865536
0,0.0064207697966265674
0,36.00285962385326
0,1.2536539110670915
0,70.58587295098265
0,0.35692697051188926
0,36.00285962385326
0,3.4229201030731167
0,254.00392150832067
0,0.014439148604512942
0,1.0130450294350173
0,1.637377439199098
0,159.22083550748422
0,0.9151196396423452
0,0.5166305067365801
0,0.9586108958688074
0,1.0398656945897642
0,3.1088199555259295
0,0.8508595053301463
0,1.0120521611985267
0,0.9023689270621826
0,0.7127674072837966
0,0.5754392194420852
0,0.8603247558412812
0,1.0019704376024354
0,0.8900867939113047
0,0.37518390072965163
0,1.0151788851727432
0,1.3932210101161244
0,0.5836283217776103
0,0.884397212835949
0,0.9860361639084889
0,0.8113038354604826
0,1.0033091476214726
0,1.0110047731590557
0,0.7227679106618761
0,0.06827618485093231
0,3.5861816537828024
0,0.7112428242442853
0,0.028140131882229268
0,0.3254824773518998
0,0.11298399870848122
0,1.063052955706474
0,0.7156030567710648
0,0.8644230200904374
0,0.3699121373073802
0,1.4648189092638049
0,18.172582653562376
0,0.9846602844035094
0,0.0
0,0.5040877085579483
0,0.35634789176527726
0,0.3882304127046306
0,68.36905189516531
0,0.0
0,1.4100446357734484
0,85.01731722578383
0,1.0132620069232003
0,22.724472256672154
0,0.0045043855857046
0,1.0069529579257277
0,18.031777505282168
0,1.2165892734862993
0,0.8573752337384798
0,0.9350360280553203
0,1.403121691295659
0,0.48610093825860873
0,0.8702460808199745
0,25.450049115866157
0,1.5511892982275441
0,1.0160176630775999
0,1.190137649972785
0,307.8122292025696
0,0.8478917890025368
0,0.23884509596341272
0,1.0262645088213127
0,1.1319387019061384
0,1.8779372694707752
0,1.0110653478504852
0,0.7667206671569907
0,0.5645542810861843
0,1.0335286443592022
0,2.143563629537894
0,253.5004931038406
0,1.4193142944494623
0,1.2582516261327323
0,1.6788466279983794
0,0.8819387410044516
0,0.5107792528239327
0,2.086108031531076
0,1.700383407348637
0,1.0069648793117534
0,0.5197640334471358
0,3.9581116948851323
0,inf
0,0.8640921776838018
0,1.0509586707806664
0,0.3627829076757032
0,1.027347626457634
0,0.05120525080233703
0,0.5021344038263497
0,0.36303141169845315
0,0.007173304571559111
0,0.040077449280451614
0,0.5649696023289382
0,0.8589111186348989
0,1.122023456968905
0,1.2193158778983668
0,0.9862823064095417
0,0.5434576140993284
0,0.00832455532033676
0,0.5435826273817705
0,0.027332085877888525
0,1.0757638277098491
0,0.39108553717850697
0,0.6349854573643046
0,1.545691387121689
0,0.989228351909835
0,0.5896737297579049
0,1.4044495221117328
0,0.4124689300374169
0,1.0039860399729506
0,4.760356572360587
0,1.4128175514031802
0,0.9960258800611298
0,1.0161247403947269
0,0.7137240061547366
0,1.0079720956652745
0,3.679337825506274
0,1.388851013964957
0,0.9757995561982622
0,1.304962187208756
0,1.1277379667219751
0,1.0141168876549724
0,0.5372404384853503
0,1.2395556479267413
0,1.1627434516345385
0,0.4980277576790715
0,0.7491936311665339
0,1.9463525371865174
0,2.421954445729289
0,1.0205757879613455
0,0.6429357906635944
0,2.2210106341035454
0,0.00634523132843096
0,1.2043195690741406
0,1.000001952917121
0,0.7848191962583274
0,1.0029576015524035
0,0.7285318277879231
0,0.04964079564677211
0,0.9950798336600298
0,0.7853257158293386
0,0.9862303267612094
0,0.09169303606366817
0,0.5924119530686728
0,0.7553964114192824
0,0.3563454955095875
0,1.045819287603073
0,0.3895166491596463
0,2.18417821421562
0,2.0973878091065696
0,0.35415000647986267
0,1.2697277172731813
0,0.12374192170643009
0,0.010040160642570281
0,3.620422700334696
0,0.7864286700232129
0,0.806701987234509
0,28.678465081148378
0,16.229370452597273
0,0.8789876285849506
0,0.9116157808811202
0,0.4828048916932835
0,4.33043317858885
0,6.355257300197137
0,1.0262645245395778
0,37.193936195192926
0,1.1899949482081655
0,0.5910249992671618
0,0.5100992053038662
0,0.41191493882193275
0,0.7326941606104612
0,1.306917450454219
0,0.5182322133519132
0,0.9047983527305639
0,0.7966076028775999
0,2.324838157909987
0,1.0871134180989386
0,6.612288923376446
0,2.093458667483333
0,1.001968457837613
0,1.35146931829632
0,0.788031089863646
0,0.011894352927477774
0,0.7869870917970405
0,1.0268774150680666
0,1.2164587063408134
0,0.7071067811865475
0,0.8437804706960214
0,0.868437246822787
0,3.3044360205916927
0,0.4472135954999579
0,0.7635073805955124
0,0.5790624900225
0,1.003012894517554
0,0.4242640687119285
0,1.8954335920503105
0,0.9721824026886287
0,1.0010129819394138
0,49.81349832509875
0,0.31643155264445705
0,0.31622776601683794
0,0.8925918011214204
0,0.39865277357744217
0,0.7559223176554564
0,0.35776231538731046
0,45.0780573006424
0,0.5417339938708174
0,1.001968457837613
0,0.36059628682023137
0,0.938065296796682
0,1.306225774829855
0,inf
0,1.0420518297912313
0,1.7807764064044151
0,0.6653469429460173
0,0.3549425822760695
0,1.0296404056078996
0,0.8859928610035029
0,3.0227081624256398
0,0.5852057359806528
0,1.0019801902704262
0,1.067102758605811
0,1.0579299889093594
0,1.029037366030095
0,1.0747970476076973
0,1.0183211307206521
0,0.033689595725074656
0,0.8534040112874299
0,1.4184072678015538
0,1.0239936585343379
0,1.5926996668355908
0,0.866942392269546
0,1.0606601717798214
0,2.8230549667425575
0,1.0059247933616509
0,1.185454748511628
0,0.4583262129624061
0,0.9980178454658084
0,0.8061001465309374
0,0.4858379944254005
0,1.008034047616722
0,0.9316661730661016
0,0.7084946216868349
0,1.1597791654231286
0,0.9476856260066834
0,1.4156291477415677
0,0.014188368583332922
0,0.696217191748737
0,2.3711821800447286
0,0.8756122026310001
0,1.2008415427241281
0,1.174612472082868
0,1.009938362000237
0,0.7057162114269037
0,1.0271048467860058
0,1.1253304907903035
0,1.5695498320297252
0,0.5
0,79.84891984241239
0,0.9849147921094397
0,0.282842712474619
0,1.7615773105863908
0,0.3577292180412258
0,1.213858034299575
0,0.5041099222314934
0,0.3859324742533716
0,0.502007999806716
0,1.954220853325569
0,0.8685290305831876
0,0.9940495992122976
0,0.8770942008328806
0,0.9539871425397032
0,0.039730178482202415
0,inf
0,0.8475474233515062
0,1.297469275790553
0,0.019275783400520257
0,1.2903804854425314
0,50.599999999999994
0,0.8591200946516429
0,0.9980277147100806
0,inf
0,1.4772697579354848
0,1.2159117407668472
0,1.3611481761442257
0,0.9940944881889763
0,1.0833031636082104
0,0.9881261036267519
0,9.221477577661261
0,0.09812874961019842
0,0.35777838315136656
0,1.3933358142961056
0,157.79765524240213
0,0.5002882094264667
0,2.4533457115625232
0,1.396119699261407
0,0.06560937450619617
0,1.198072931503208
0,0.5039212972667872
0,126.37512327404184
0,2.5502585661484054
0,0.9125703849682212
0,1.2436638155543724
0,0.8676254445974739
0,0.8607653357832334
0,0.0
0,35.92892757333761
0,1.2031697733125317
0,0.992139539104408
0,1.006945422809856
0,0.3570833402958324
0,1.375852106869482
0,0.9990205860505752
0,127.10379993867696
0,1.0089293539403303
0,0.030048149281564948
0,0.9990205860505752
0,inf
0,1.0089293539403303
0,0.49901671867825675
0,0.9980119363656501
0,1.0112754756787863
0,0.9941041718551098
0,0.7126990561003186
0,0.8966283622535789
0,1.0163221301788823
0,2.420446751432272
0,0.9960707421417212
0,126.75196075416034
0,0.9980238406394777
0,1.31972351708869
0,1.0
0,0.8489366284920686
0,0.2526944548866976
0,1.0079720642965462
0,0.4980392156862745
0,1.007699801793304
0,5.531837133641986
0,1.01620226282718
0,1.006953175284329
0,0.3556392399051555
0,1.8077499134136892
0,0.03272735484205494
0,1.5
0,1.0079522550060833
0,1.3772626282425735
0,1.3999392321285982
0,112.69804789878499
0,5.9418952566459335
0,1.0029374986912307
0,1.4399596597838078
0,0.36491253567257576
0,0.6386584466985342
0,0.986091146113904
0,0.9960494688364203
0,1.7206256862267242
0,0.011265830979661964
0,0.6490876577984489
0,36.853893918117755
0,0.12228416921779683
0,0.0
0,1.0120582009515546
0,0.4786323904022489
0,0.11032343395184163
0,0.8527787893361546
0,0.357762359528908
0,0.01068977238365444
0,0.9961093093870758
0,0.6768681837881815
0,1.0000059768238334
0,1.3961419644613042
0,0.5111400658641674
0,1.131753652245624
0,0.10331656991742348
0,1.000996959321048
0,0.9970443436611864
0,1.0070128531560056
0,0.5033670641481418
0,0.31008683647302115
0,0.4488124266645194
0,1.0197586706333701
0,2.8092992654565148
0,1.0197586706333701
0,0.884128119931841
0,254.50490575647524
0,1.0316432357130856
0,307.4590231135966
0,22.274565091152734
0,1.2530475495363713
0,1.7764620022298998
0,0.816227766016838
0,1.5132627655304887
0,71.13508277400717
0,1.0029926129016162
0,0.9891548513288794
0,0.782153888875043
0,0.10336227882434038
0,1.0089293577921619
0,0.787874750014191
0,1.4179504210053346
0,0.8583178590021983
0,1.0000615110183937
0,4.911279841401843
0,0.8721641201500109
0,0.6651901052377392
0,0.11767355894987157
0,2.0008194885896353
0,0.6393105205323794
0,43.77452395420746
0,1.434204164651672
0,0.03425418751518554
0,1.0180255640968219
0,0.4577628146091333
0,1.0180255640968219
0,0.019879343421099933
0,0.7025151539420876
0,0.5336948582878838
0,0.35703941592548516
0,0.9168076790793009
0,180.10512242138307
0,0.7435502967140485
0,1.608340744945972
0,25.64142135623731
0,1.6534548033193657
0,1.0191905412455817
0,0.44571214488677036
0,0.66366464340987
0,0.8744381743494922
0,0.8777786138427088
0,0.8687739869169976
0,0.9171239531206689
0,0.4606153724859322
0,1.0106513477720371
0,1.6773703873199428
0,1.396714581893624
0,1.0627040266998178
0,0.6432093655504313
0,8.303126788333426
0,1.0382704792560422
0,0.6872761310025187
0,1.2227494876748264
0,1.0089216060610353
0,1.0438788879474004
0,0.5384356667175764
0,0.006472084178533256
0,0.0692466751341006
0,0.7472596625775295
0,0.709885164552139
0,0.5634576407212727
0,0.7085815304530166
0,0.012267834269458707
0,0.6924070378387542
0,0.9960875493382456
0,0.554981079566194
0,2.5390037681551014
0,0.057794851706010286
0,1.4536017649786694
0,0.6324555320336759
0,0.6118212449071322
0,0.6301557263431548
0,1.0
0,0.9892705773455439
0,1.0687379241180857
0,0.7294510472909536
0,0.46892290170660517
0,3.7350397334273033
0,1.0
0,0.8617277344401564
0,0.02394769838323756
0,1.6136258833946056
0,6.145392786621129
0,1.5652475842498528
0,1.2140655808277105
0,0.37190564194287795
0,1.0110653638838127
0,1.0019567874262132
0,1.1283836152794688
0,2.7297641809969893
0,1.0422260817782774
0,0.7309022890214512
0,0.7071067811865475
0,1.0
0,7.049121349669761
0,8.943339629925383
0,1.0150049348710557
0,1.346218514441217
0,2.967889320647263
0,0.6795490915938339
0,0.0069392291285438785
0,1.7726309571328136
0,28.857885458898714
0,0.75
0,1.346218514441217
0,28.62188933350521
0,7.29435476659428
0,0.999024568543681
0,1.2009509749958869
0,1.418434767638743
0,18.250035082761542
0,0.6500468956499207
0,0.7085056035669309
0,0.503902076182019
0,0.05792032104849352
0,307.4590231135966
0,0.9960784919186176
0,0.00784313725490196
0,1.0118967947466995
0,1.0326931256474894
0,0.9980392458994825
0,4.393418648254969
0,0.011423209297080534
0,1.0000083315313075
0,10.970804436915275
0,1.029831837853286
0,1.1614368093935439
0,0.997995967919614
0,0.5139710518729099
0,0.9959779453097711
0,1.0092433251480337
0,1.5359549360990699
0,0.9921046569322873
0,1.2695010340275614
0,0.8580462493653995
0,1.5923756377751515
0,0.15223323402366112
0,0.9980080152109607
0,1.0946985927934654
0,1.0001230182537348
0,1.4753235438200516
0,1.097285075683553
0,0.11785113019775793
0,2.1451451246658606
0,1.000424806933697
0,1.0040540772096964
0,0.9990050286069422
0,0.9735639338864759
0,360.62445840513925
0,0.042258953473814406
0,57.019733426244635
0,1.403121691295659
0,1.0119301647664085
0,0.9921104845876001
0,1.1926507199816463
0,1.0070049861763348
0,0.9930604903507395
0,72.38569961647978
0,0.9931112146011842
0,2.55118241899373
0,0.8607395283705099
0,0.6632817990729768
0,0.9604791750474369
0,0.7313652845200552
0,0.8971399744346199
0,1.00297718055853
0,1.014559308466384
0,84.66666666666667
0,1.3870325168776976
0,0.6982291864477492
0,84.66666666666667
0,0.7496212727926208
0,1.355585004241334
0,0.42426406871192845
0,1.0009930535744027
0,1.2666072904470396
0,0.9871551363665989
0,0.9022727490995871
0,0.0058823529411764705
0,0.8661480758563065
0,72.3853715337616
0,1.0088327522548555
0,0.3333333333333333
0,1.4098662652066933
0,0.33953722229873645
0,2.5144058477886837
0,1.4304470975323833
0,0.37196949602117874
0,0.29829163599357394
0,1.2537187928624922
0,0.20716802354491506
0,0.9262365857939191
0,1.120825336205978
0,0.4806147687510264
0,0.38545212844226145
0,0.09178191805268561
0,0.44815667099667145
0,0.030103811225293216
0,1.0299874500073674
0,7.578055751817752
0,25.576579105015334
0,2.730604895598596
0,3.2244317860295824
0,1.304987562112089
0,15.275535481248873
0,0.9813323438514814
0,1.1409659789773083
0,25.012811899058637
0,153.90807535544513
0,0.04729588604176492
0,0.9291039352722757
0,63.75
0,2.7400279618630488
0,0.7009720112031581
0,0.5547001962252291
0,0.7155843915002432
0,2.233810128294217
0,57.243340223994615
0,8.671528950359969
0,1.005932744063852
0,1.0205328477804985
0,7.470403147608788
0,0.28885277807821463
0,1.0029576015524035
0,0.9304835291307738
0,2.7769356251571926
0,1.4156068721849593
0,0.7077847075210474
0,0.5663181093558366
0,19.822531134562116
0,1.0009729917164605
0,0.864883108059723
0,0.3130090597300091
0,1.0203709211519796
0,1.0140760291327926
0,0.3762824778099778
0,1.106360022529877
0,0.9970597903846419
0,0.9998998904353926
0,3.0
0,0.5201251589975054
0,0.5116672736016927
0,1.5367380596747673
0,0.5554334848470613
0,0.5116672736016927
0,0.939562495304697
0,0.26429585703657166
0,0.9323626245600116
0,0.22360679774997896
0,0.9881911367990107
0,1.168731772775307
0,0.9514599204199725
0,217.65611460128477
0,0.9980392613645185
0,153.90660479547861
0,0.0013892051405624214
0,nan
0,1.2291387115289432
0,1.0
0,1.0666923077488049
0,0.7071094997719478
0,0.4154298319032238
0,0.8609730884523314
0,113.608097198085
0,4.040334168253119
0,0.527524845797192
0,1.428355697996826
0,29.470267868870145
0,7.629168626948264
0,1.4501508942754546
0,7.328651038303843
0,0.35146890056229263
0,0.0174383209129352
0,0.7029473295325089
0,0.633723044382749
0,0.35705039752864626
0,1.370441100757683
0,0.3628578330242619
0,2.5696639868055726
0,45.203057300642406
0,15.084944665313015
0,2.617399675127628
0,0.767957726368741
0,0.3805309261807502
0,1.6333892188554202
0,0.7084946216868349
0,1.3071067811865473
0,14.655486644750596
0,358.8570387537931
0,0.5
0,0.48507125007266594
0,0.5719848837030499
0,0.8515964660762326
0,inf
0,1.628700006222703
0,1.2043392719940076
0,1.1337054560061437
0,1.0000038446603436
0,1.0000115337149726
0,0.5350967777501662
0,1.9769829655530964
0,0.9990167225299698
0,1.0650472098598627
0,1.2156495577906
0,2.338523019260874
0,1.1395962735853253
0,0.8899319479717702
0,70.9296711034151
0,0.3076481889703843
0,0.008305760182488488
0,0.7113418520271353
0,1.270896131821464
0,1.0824223774489363
0,0.9258173003367223
0,0.9499076251694002
0,0.011340317605935455
0,0.540137925533068
0,1.9802622979013669
0,0.9342959110322339
0,1.683907856247806
0,0.05487383545490165
0,1.0187735871646997
0,1.5446218768907645
0,1.2027662217456372
0,1.1545513789285533
0,0.10311024036079211
0,0.55324690959639
0,1.1545513789285533
0,0.02096927885250381
0,5.874318855007901
0,1.2805674238551117
0,1.959005201605902
0,0.3065278564412803
0,0.8894913804197204
0,0.048881406382084616
0,0.677840264988145
0,0.7068998624652616
0,1.196250318217796
0,1.7465071875029567
0,0.3937105491667719
0,1.6428834603556808
0,0.9931113449787806
0,0.5117929868987078
0,0.8882245203617906
0,0.004770576847163277
0,0.8602132473151151
0,0.48281309726545857
0,0.36125092472363884
0,0.4242501648403983
0,2.2249010659808115
0,0.8597035549960292
0,1.949536666057402
0,2.22043933720295
0,0.7381057561322728
0,0.791264534398813
0,inf
0,2.191461987654285
0,0.9461046650798097
0,2.3156013812390923
0,2.4747098710240727
0,1.4231649043000985
0,1.0676619087329464
0,2.3156013812390923
0,1.4485719366802965
0,0.009580137119997435
0,0.9717802562370255
0,1.4128527301197118
0,2.0993764653708307
0,1.22268330836008
0,1.000985218816263
0,0.6707134731939262
0,0.6958240872552182
0,inf
0,0.9852643087609088
0,0.5314517921381626
0,0.9990009944753308
0,0.9147029009849081
0,0.8171848360583618
0,1.0019841269841272
0,1.0121231550981717
0,1.0100456777300357
0,0.6484635042367782
0,1.0029771649973447
0,0.6227232487496268
0,0.8450350862322374
0,1.018126520338343
0,1.2249517556613354
0,1.0158640659000753
0,0.7507268580024572
0,1.0101214574898787
0,0.9960317460317462
0,0.13142903577069584
0,0.9626930204119488
0,0.9940594294999501
0,1.0050779814618551
0,0.99800796812749
0,0.08337651217726927
0,0.99800796812749
0,0.08337651217726927
0,0.31622776601683794
0,0.5165715079417336
0,1.03570946618323
0,0.34916035819310975
0,0.8850529644798653
0,1.4086703561412945
0,0.8841812742328203
0,1.0133358533363037
0,0.9979552135590187
0,1.1930004681646913
0,84.83333333333334
0,0.6035533905932738
0,1.0352773283463876
0,252.50248310871106
0,1.001986091433306
0,0.984251968503937
0,1.0019821315559707
0,0.984251968503937
0,1.0019821315559707
0,0.564309292801816
0,1.2150454145762826
0,1.1516386470545663
0,84.75008185977694
0,1.4127727215876142
0,25.398533065020978
0,1.427214355478254
0,0.8657951229298504
0,0.5369541092133844
0,0.5044190478936093
0,0.36135977054831486
0,0.9959940571601071
0,inf
0,1.0147631771838226
0,2.7741806138307634
0,0.3664724269175318
0,31.256875197439154
0,1.4142190641005503
0,15.377601480951917
0,0.8545503033027158
0,47.662812330714296
0,40.496618758641844
0,1.0142212992553117
0,0.9187772235993525
0,0.9950564309465953
0,4.066621922266348
0,1.0571776893555251
0,3.680825744225365
0,0.008803349008424248
0,1.411534995480426
0,1.106947738689896
0,0.037053674868338035
0,0.857617109636709
0,0.8496318219658227
0,1.0039756181751025
0,1.1332822923458914
0,1.8380161928591825
0,0.8502099821915532
0,0.3695984880345159
0,0.9902040259702947
0,1.540856906103274
0,0.9852295751496751
0,0.7085367798367312
0,0.0047337520830845
0,0.8542528050584013
0,0.00907154425419012
0,0.8682677464584415
0,31.245229021841368
0,0.51548006456842
0,1.0212600556635791
0,0.15811388300841897
0,0.7098975108619786
0,88.30110993475151
0,2.995352392457285
0,0.994907319666009
0,8.20087712549569
0,2.5041347073539306
0,1.195320671260724
0,0.9960649372936752
0,0.5656554710545548
0,0.8680007159977082
0,0.9970404726644126
0,0.7621232784634294
0,2.645699160195546
0,0.9950328348790561
0,0.7092479177126527
0,0.9472135954999579
0,1.0009851918924353
0,1.0193512945737784
0,0.07661228040477859
0,1.0059561923496332
0,1.4070629959338896
0,0.8571943081942279
0,0.8571943081942279
0,1.0049731296309392
0,1.009000998002998
0,57.37874560557453
0,0.7043521040776344
0,0.496485493784718
0,0.8838791059977701
0,0.7228925458580344
0,1.4298965977788216
0,15.066963266713465
0,0.9219544457292886
0,0.9940341358270135
0,0.9970404954258486
0,nan
0,0.03781804607787199
0,0.7113142447901236
0,inf
0,1.0010364772681015
0,0.8265212856858352
0,0.008819061357452107
0,0.9960417189238212
0,0.6042207890076255
0,11.986938013349253
0,0.01154186179876995
0,1.405897393787132
0,0.775135520555838
0,44.37956864572944
0,0.40709631508725636
0,0.02045815730337302
0,0.9911272536467838
0,0.4610409759603879
0,0.708489066140663
0,0.9911427145698799
0,0.8904399232733715
0,0.5457398890350194
0,0.8871435722400961
0,1.2029634801551194
0,1.0069770345137168
0,0.25614616867817247
0,1.0070331026519561
0,1.4128284404555538
0,0.74463055094401
0,0.9920001916145258
0,0.7185266523744261
0,1.0094238868383636
0,15.938584996926739
0,0.0019918896020204137
0,2.6299749738418683
0,0.07380842452596932
0,2.0863187596486643
0,0.5236212950343297
0,1.4322294542035963
0,1.1918476832170413
0,1.0049534107586657
0,0.0058823529411764705
0,4.137299143717744
0,1.0121848913425067
0,2.6422445075609557
0,0.7201452811268594
0,0.9681480065371028
0,0.9872637077994251
0,1.6084946000525449
0,14.956916315600338
0,1.090967124687501
0,1.4072934976475902
0,0.00715741478406448
0,0.9980119834178124
0,1.223606797749979
0,1.0702988537255047
0,1.1842203844472916
0,1.2023577894435649
0,0.5099017354115654
0,45.025064007006776
0,0.0
0,1.2023577894435649
0,0.5099017354115654
0,1.2628317381411933
0,42.166666666666664
0,1.5689290811054721
0,0.9891741990082036
0,69.58002703852273
0,0.9104690121163735
0,1.0099601593625498
0,0.007133742689410735
0,1.1663521556903296
0,1.0059307950935241
0,0.8630123138657226
0,0.9999861906024506
0,0.4149722632668962
0,1.6387590062445396
0,0.7113016461843633
0,6.581812143669881
0,0.5882364191932705
0,0.00816126599083678
0,1.6514653848628245
0,0.47295045698924015
0,0.0
0,0.578226977386937
0,1.8738881009339239
0,0.7236067977499789
0,21.943854934695974
0,0.8659460776041418
0,1.0476350833180526
0,1.026386070040013
0,0.8752799172670916
0,0.8640952062333668
0,2.724248540850719
0,0.8569138370129322
0,1.0598622671862419
0,0.5021859189616732
0,127.5
0,0.718408636344248
0,91.92388155425117
0,0.763523138347365
0,1.0059622267167714
0,1.0059479436907697
0,1.0247656761589692
0,1.008024032124958
0,0.00900025538109512
0,inf
0,1.9086034037919897
0,0.7155734540964487
0,1.0009930380132177
0,13.840665569533646
0,0.8806157177937408
0,1.0009891206502364
0,1.0236122518609374
0,0.125
0,1.0188081591654083
0,1.030569971040476
0,0.9838286137235025
0,3.391225748055727
0,0.996078431372549
0,0.996078431372549
0,1.0142380670553284
0,1.170052108589883
0,0.49787197766939756
0,1.0101349664335313
0,1.106155695226406
0,0.35877834503943634
0,1.0313615592657477
0,1.0120420235958905
0,nan
0,0.00392156862745098
0,0.9917314474963207
0,1.0120420235958905
0,inf
0,0.6626775582635803
0,0.9960843350568677
0,50.40319979522621
0,0.9735828749648892
0,1.3850010210427355
0,3.8584985713985676
0,0.3743553801310677
0,0.9180112306216353
0,0.9837002956559553
0,0.7271810761585269
0,1.5145029632633298
0,1.3852235201432175
0,1.025268415816103
0,0.8396788080075261
0,1.5585760994828677
0,6.380400956701966
0,1.0133703725669443
0,0.8287413672481343
0,0.027066208700553877
0,6.627588775404771
0,1.0109929061239058
0,1.0183437075254471
0,0.9940887339755812
0,2.4142135623730954
0,1.2464380603713288
0,0.9930839823103156
0,1.0110215532224873
0,1.0068177598123726
0,0.4950990099000385
0,5.9275357408087785
0,0.9064411099436825
0,1.0167439656813655
0,1.7561963916571033
0,1.0100826573923773
0,1.055618883436182
0,0.9899113073354285
0,0.9030961150918221
0,1.4062029549230735
0,0.9899999999999999
0,0.9878981901988486
0,0.9969972388747543
0,0.994082863332389
0,0.9878981901988486
0,0.9969972388747543
0,0.994082863332389
0,0.8600225300909877
0,1.028096217550967
0,1.3868426419898403
0,0.9960100237994626
0,1.077614159713471
0,1.1227550501467785
0,1.0435444789675163
0,1.6134924289174661
0,0.992059681332476
0,4.890979776342855
0,1.001990051711698
0,0.9940594293747103
0,1.2633385990751969
0,1.0756205913871393
0,0.9949971652340907
0,0.9345601751105385
0,0.9827684185381775
0,1.021921183446767
0,1.039897144283253
0,0.9990010141405419
0,0.5492977336493515
0,18.115683757463913
0,1.0173873023961542
0,0.9877722068977193
0,0.5189885563282569
0,0.7909465085031787
0,0.9803921568627451
0,1.0352928194775355
0,0.8368255641455572
0,0.9784313725490196
0,1.1865938634778275
0,2.0748187648536267
0,1.1380796908227555
0,127.5
0,1.0134426636463145
0,96.8915599978915
0,0.7443148581170299
0,1.134517149239235
0,1.0039544679953745
0,1.000993049661173
0,0.8576311248789182
0,1.000100278449236
0,0.9881442689703742
0,1.00605855328671
0,113.59269342614537
0,0.5275315280856513
0,1.0307071791737634
0,1.0080140079497757
0,1.0363117014504057
0,0.9950990895967974
0,0.7071067811865475
0,1.0240071693481259
0,1.3878610861162388
0,1.3864870661332738
0,5.979853361236424
0,0.9407786412516979
0,inf
0,0.5
0,0.003118610955688304
0,1.0120255882710634
0,13.794928840254967
0,inf
0,1.0381343456434238
0,0.001984126984126984
0,1.0119760005041893
0,1.005069819792929
0,0.9960082990951856
0,0.9999859225119452
0,1.3818816719808382
0,1.005972080045775
0,1.01104102951566
0,1.3977065509947435
0,1.0150245900939652
0,0.4803885127430433
0,0.8489366284920686
0,0.5094330449377026
0,1.25244855532281
0,1.0011028348228292
0,1.1006671020922933
