Eyes Status,Eye Ratio
Fit Eye,0.8164047064144181
Fit Eye,0.6620448040237911
Fit Eye,0
Fit Eye,48.75531393296727
Eye close,0.5603026338047431
Eye close,0.3711410889323432
Eye close,11.620631270600633
Eye close,14.148821085757964
Eye close,0.6619178841121742
Fit Eye,inf
Eye close,38.69201323100916
Eye close,0
Eye close,1.076023793910472
Fit Eye,inf
Eye close,16.288753095441447
Eye close,0.7084920746310281
Eye close,0.36723851083935316
Eye close,0.9844674844885719
Eye close,1.2655478960524151
Eye close,9.915763251852285
Eye close,2.6644273638694416
Eye close,3.655791380109026
Eye close,1.4856342993387792
Eye close,0.5382937078524501
Eye close,0
Eye close,2.0551336407281653
Eye close,0.6884562367625122
Eye close,3.4153860406945267
Eye close,1.0143358231325932
Eye close,1.0789996678810336
Eye close,1.046108823808933
Eye close,0
Eye close,1.3145990641597833
Eye close,0
Eye close,1.0857800349316744
Eye close,0
Eye close,0.6497633770350109
Eye close,0
Fit Eye,12.945751810716116
Fit Eye,0
Eye close,1.821333285624932
Eye close,1.5220300201590435
Eye close,10.326040047269666
Eye close,0.6320521145960704
Eye close,0.9641619139174114
Eye close,18.899742922341247
Eye close,0.9701656534845414
Eye close,1.0203763142417706
Eye close,0.8871484000736718
Eye close,1.5886367736243787
Fit Eye,4.407135323956662
Eye close,1.0943143627011014
Eye close,1.0784951273658967
Eye close,0.9055111559372427
Eye close,0.8924114261820649
Eye close,1.123393533608329
Eye close,1.254827330483166
Eye close,0.881285592934089
Eye close,1.0792981450902668
Fit Eye,1.4438672875890408
Fit Eye,1.1869130031532273
Eye close,1.0236878069656372
Eye close,inf
Eye close,6.601110363070587
Eye close,7.598596195056796
Eye close,0.8656958452556305
Eye close,0.7370085274414943
Eye close,1.0209021400746365
Eye close,0
Eye close,0
Eye close,0.9896815105057885
Eye close,2.6129934257193144
Eye close,1.0986208054580473
Eye close,1.1281068506351615
Eye close,0.6075775989281538
Eye close,0.86810098313376
Fit Eye,0.9243329558864641
Fit Eye,0.9535992757317215
Fit Eye,1.0380166129503587
Eye close,0.9562092638232252
Fit Eye,9.695348740175024
Eye close,0.9758169624129919
Fit Eye,11.134868870777769
Eye close,0.9157302421806391
Eye close,1.0309077454763225
Eye close,inf
Eye close,14.851710418226482
Eye close,20.740966131168197
Eye close,0.283123094226392
Eye close,0.7958127591820007
Eye close,0.8503183281278632
Eye close,18.14197398639686
Eye close,0.8383578853371049
Eye close,1.486729080277843
Eye close,1.0153436079729845
Eye close,0
Eye close,1.1179304830888
Eye close,0
Eye close,inf
Eye close,0
Eye close,13.897963120397188
Eye close,0.866798932598244
Eye close,0
Eye close,0
Eye close,inf
Eye close,0
Eye close,0.7972655575577315
Eye close,0.8650495424198026
Eye close,0
Eye close,7.661881863157672
Eye close,0
Eye close,8.606284941600537
Eye close,0
Eye close,54.67581036134998
Eye close,0
Eye close,0.8039039211497178
Eye close,0
Fit Eye,inf
Fit Eye,0
Eye close,0.9826117287314583
Eye close,0
Eye close,0.8440152614872029
Eye close,0
Eye close,18.991447646270707
Eye close,0
Eye close,27.766982253459677
Eye close,0
Eye close,14.217689608314368
Eye close,0
Eye close,0.8027160891003801
Eye close,0
Eye close,0.8800189501664948
Eye close,0
Eye close,0.803682923714061
Eye close,0.905905640370381
Eye close,0
Eye close,1.1551144224526304
Eye close,0
Fit Eye,1.0898408538346762
Fit Eye,0
Fit Eye,7.656447906055002
Eye close,2.7125412414916594
Eye close,1.1885037732549655
Eye close,0.9950368025123133
Eye close,0
Eye close,0
Eye close,0
Eye close,0
Eye close,0
Eye close,0
Eye close,0
Eye close,0
Eye close,0
Eye close,0
Eye close,0
Eye close,0
Eye close,0
Eye close,0
Fit Eye,0.9960059519039361
Fit Eye,0
Fit Eye,0
Fit Eye,0
Fit Eye,0
Fit Eye,0
Fit Eye,0
Fit Eye,0
Fit Eye,0
Fit Eye,0
Fit Eye,0
Fit Eye,0
Fit Eye,0
Fit Eye,0
Fit Eye,0
Fit Eye,0
Fit Eye,0
Fit Eye,0
Fit Eye,0
Fit Eye,1.0124637736374622
Fit Eye,0
Fit Eye,1.0010255058124595
Fit Eye,0
Fit Eye,0.9417432759007477
Fit Eye,0.9911138064341712
Fit Eye,1.0030643481698904
Fit Eye,0.9876174777950542
Fit Eye,7.416809112060765
Fit Eye,29.111769161179215
Eye close,0.8650990491819079
Fit Eye,8.077474553375025
Eye close,128.00553205880956
Fit Eye,22.28691966441783
Eye close,0.7031474851173701
Fit Eye,69.00573280413604
Fit Eye,60.398063314247324
Eye close,0.6914841733877332
Eye close,0.9035399832967863
Eye close,84.1574738308004
Eye close,0.9379336149385836
Eye close,1.2054582641750249
Eye close,0.8369077729995245
Eye close,1.1715907578840665
Eye close,29.124166951734665
Eye close,0.9793743919538647
Eye close,1.7535872142353017
Eye close,2.5634753785636804
Eye close,4.344495137871497
Eye close,0.9949915684457172
Eye close,0
Eye close,4.7655706248311205
Eye close,5.603912741070698
Eye close,0
Eye close,1.1084655622359678
Eye close,1.2408599281284443
Eye close,1.1973399766025539
Eye close,0.8365773007308633
Eye close,0.7690814728904385
Eye close,0.8456139849695282
Eye close,1.5204004877624204
Eye close,1.3885103010851028
Eye close,1.2157687879821573
Eye close,0.7858013176040146
Eye close,0.7046231780542797
Eye close,0.9136927094671725
Eye close,1.0115995760213352
Fit Eye,1.7531336194399736
Fit Eye,8.709256741394952
Eye close,0.9702448875408853
Eye close,0
Eye close,0.8326334226323466
Eye close,0
Eye close,0
Eye close,0
Eye close,0
Eye close,0.9943854555168733
Eye close,1.9936047919685305
Fit Eye,1.3728129459672882
Fit Eye,0
Fit Eye,0.875264680327677
Fit Eye,0
Fit Eye,0
Fit Eye,0
Fit Eye,1.1683246898125645
Fit Eye,0
Fit Eye,0
Fit Eye,1.3617959798946428
Fit Eye,0
Fit Eye,1.2891334457410115
Fit Eye,0
Fit Eye,0
Fit Eye,0
Fit Eye,0.8126670627948123
Fit Eye,2.850781059358212
Fit Eye,0
Fit Eye,1.8129510846562622
Eye close,0.3612815052316835
Eye close,0
Fit Eye,1.8129510846562622
Eye close,0.6035533905932737
Eye close,0
Eye close,0
Fit Eye,1.0585626295791288
Fit Eye,0
Fit Eye,0
Fit Eye,0
Fit Eye,0
Fit Eye,0
Fit Eye,0
Fit Eye,0
Fit Eye,0
Fit Eye,0
Fit Eye,0
Fit Eye,1.0265408536334741
Fit Eye,0
Fit Eye,0.9864965327541068
Fit Eye,0.9640762639176638
Eye close,1.022875371640292
Fit Eye,0.923648171271887
Fit Eye,1.0036084567341694
Eye close,0.7308194105880874
Fit Eye,3.290565861902607
Fit Eye,1.0510568399982028
Fit Eye,nan
Fit Eye,0.6275531342574145
Fit Eye,0.6847493258207193
Fit Eye,52.93565966113434
Fit Eye,0.8218306890694516
Fit Eye,0.7911337486218497
Fit Eye,0.5881386798828003
Fit Eye,0.9080029322168738
Fit Eye,1.0004229182182967
Fit Eye,inf
Fit Eye,1.5502803566593106
Eye close,0.8903076022727355
Eye close,9.722601043766367
Eye close,0.7921586563601746
Eye close,inf
Eye close,13.846100602449113
Eye close,0.8547093321709199
Eye close,1.0291146312392185
Fit Eye,inf
Eye close,inf
Eye close,1.0151908070599598
Eye close,3.353186462090555
Eye close,21.587607371641273
Eye close,1.1743485508246305
Eye close,26.243619307570487
Eye close,0.9533286850164895
Eye close,0.7635756012876456
Eye close,6.785886469952592
Fit Eye,inf
Fit Eye,inf
Eye close,26.09735697646318
Eye close,nan
Eye close,0
Fit Eye,0.7809442754249272
Fit Eye,0
Fit Eye,13.761580625493332
Fit Eye,1.2034788948866555
Fit Eye,0
Fit Eye,0.9700384411714138
Fit Eye,0.7531540448122819
Fit Eye,0
Fit Eye,1.1511679591025386
Fit Eye,0
Eye close,0.8687136250217901
Eye close,0
Eye close,1.0184856310568826
Eye close,0
Fit Eye,0.8149018609414612
Fit Eye,0
Fit Eye,6.374711359531732
Eye close,0.980909458864927
Eye close,0.6523803329579446
Eye close,0.9434383148292269
Eye close,27.446271866897643
Eye close,0
Eye close,0.576060387781924
Eye close,0.8542473108434173
Eye close,0.5401897096466565
Eye close,inf
Eye close,0.6845941969901252
Eye close,1.0005947437144027
Eye close,0.43505276341087673
Eye close,0
Eye close,0.4241011509431953
Eye close,0.9989743115590337
Eye close,10.81728559666639
Eye close,45.78697074822899
Eye close,0.9241361713633858
Eye close,1.1008957946829419
Eye close,0.9286592054481493
Eye close,1.0647857254665458
Eye close,0
Eye close,0.9693142804558919
Eye close,0.8375965693450764
Eye close,0.9528352544226056
Eye close,1.0303998231267857
Eye close,0.9132636807466145
Eye close,0
Fit Eye,1.020237736277499
Fit Eye,1.0045855904474146
Fit Eye,1.1308862431922106
Fit Eye,1.190204910714912
Fit Eye,1.0137757208249096
Fit Eye,0.8793001290588954
Fit Eye,4.370171088178355
Eye close,0.7449030162791337
Eye close,0.7775206645191313
Eye close,0.9381746983436555
Eye close,1.5396915311842696
Eye close,1.3713619514512876
Eye close,1.051578076443261
Eye close,1.0235247519609072
Eye close,0.9230339880006886
Eye close,0.8349233763642984
Eye close,0.7699548142822498
Fit Eye,0.8819667714255803
Fit Eye,inf
Eye close,1.0739181670336015
Eye close,0.8678315060739044
Eye close,0.8603215306802715
Eye close,1.2438015328308314
Eye close,2.7168850285721065
Eye close,6.3556476258108425
Eye close,1.2357910952783424
Eye close,1.1317740700458851
Eye close,1.228775048895001
Eye close,1.019066295556644
Eye close,0.9116802612470208
Eye close,1.3975310643781267
Eye close,0.9028249288303787
Eye close,1.1111094157949055
Eye close,0.9245171790922283
Eye close,0.6825251143411682
Fit Eye,inf
Eye close,0.9459745187655693
Eye close,0.999404993978413
Eye close,0.8498986548185157
Eye close,0.9116529843917425
Eye close,0.9934790274187764
Eye close,0.9934790274187764
Eye close,1.1931949062295666
Eye close,25.268774110655674
Eye close,0.6696028966757572
Eye close,0.9820126334774141
Eye close,1.144796375778193
Eye close,0.7068395398177593
Eye close,0.98433540540354
Eye close,1.132527959292967
Eye close,1.3217164562151178
Eye close,1.039607348606982
Eye close,0
Eye close,0.664695767167912
Fit Eye,0.7820702055069703
Eye close,0.8278808163600696
Eye close,0.7992083899633069
Eye close,0
Fit Eye,8.487628407465289
Eye close,0.9787256071861732
Eye close,1.0060849928820832
Eye close,21.87392538043463
Eye close,0.9918707988406307
Eye close,0.7989688574754599
Eye close,1.1267467913248177
Eye close,0.9900422678946796
Eye close,0.9475557283525214
Eye close,1.3655147161971648
Eye close,0.9816340055141073
Eye close,0.9895889647448036
Eye close,0.7738197867044602
Eye close,0.5759540162877642
Fit Eye,1.0212265391367725
Fit Eye,1.110934440816628
Fit Eye,1.1264528481026181
Fit Eye,29.54767728178051
Fit Eye,6.638484191483815
Eye close,1.0179731575846214
Eye close,0
Eye close,0.9990205860505752
Eye close,0.99502091039323
Eye close,0.7046272648159267
Eye close,0.9139114146383069
Eye close,2.761481036582793
Eye close,0.8995434706029055
Eye close,inf
Eye close,60.549782143751514
Eye close,inf
Eye close,0.7031243102652993
Fit Eye,inf
Eye close,0.974447938346351
Eye close,1.8472191104577624
Eye close,51.60881161760806
Eye close,0.749559874398671
Eye close,0.37923283613502456
Eye close,0.9203376799594523
Eye close,0.5600620223207095
Eye close,20.683141496460745
Eye close,0.7962863812218038
Eye close,28.406180244894916
Eye close,0.932309743243728
Eye close,0.8587263458137446
Eye close,2.2792550958105164
Eye close,1.1934054150559579
Eye close,2.444634637530827
Eye close,10.255850478433093
Eye close,0
Eye close,1.0118516022726631
Eye close,34.79627837322143
Eye close,1.0057812339608088
Eye close,0.9946660832980857
Fit Eye,43.19129662306815
Eye close,0.8067755637165798
Eye close,28.997641849695285
Eye close,1.2182981683133902
Eye close,0.8559046601158841
Eye close,10.844796503259643
Eye close,13.288663233542216
Eye close,7.439156508467349
Eye close,4.226748240255233
Eye close,0.4176768060149208
Fit Eye,inf
Eye close,0.7449162500411779
Eye close,0.7974689938303171
Eye close,inf
Eye close,0.6474735316181038
Eye close,inf
Eye close,9.590497490274979
Eye close,0.6712528409677545
Eye close,0.6474726333843698
Eye close,5.1262463171890875
Eye close,0.9634062344470147
Eye close,1.1257194303748932
Eye close,1.2285517794448242
Eye close,0.6826490713818784
Eye close,0.9727799681700541
Eye close,0.7780926673828209
Eye close,1.1784307114626384
Eye close,0.5157321153116844
Fit Eye,1.4464752044366476
Eye close,1.7066456636839602
Fit Eye,0.9602651492224535
Eye close,19.674209947410656
Eye close,14.074085988181915
Eye close,1.065601463490475
Fit Eye,7.465725110995913
Fit Eye,1.7107415650248
Eye close,0.9986945831640328
Eye close,1.0274033196471308
Eye close,0.9241312208749672
Eye close,0.8460951741702492
Eye close,inf
Fit Eye,inf
Eye close,85.30292145430768
Eye close,1.0080169272725799
Eye close,0.4973080439983136
Eye close,27.381172837339903
Eye close,5.011653635437067
Eye close,71.70869832439799
Eye close,11.449929453516203
Eye close,7.522735747367001
Eye close,2.019678177199067
Eye close,22.291810344054575
Eye close,0.774048465843564
Eye close,0.7208374364903212
Eye close,inf
Eye close,14.116200505590745
Eye close,inf
Eye close,31.139748512942266
Eye close,15.81339799905343
Eye close,33.51427603251292
Eye close,21.246128105745047
Eye close,inf
Eye close,1.000670137068036
Eye close,17.02615904370582
Eye close,3.196697370591119
Eye close,0.9993092890700593
Eye close,57.25198250065442
Eye close,0.6386868613465425
Eye close,9.548373639906076
Eye close,42.83710483732884
Eye close,61.45837891570841
Eye close,1.1375763884094061
Eye close,0.45091190257239194
Eye close,1.0385958429686482
Eye close,0.7127431368802127
Eye close,10.229345717641293
Fit Eye,inf
Eye close,80.2473997425851
Eye close,46.280180422115855
Eye close,90.6648538741924
Eye close,54.968108587344915
Eye close,inf
Eye close,20.105090495086433
Eye close,27.099819598825228
Eye close,23.763671043205505
Eye close,0.9801372477325637
Eye close,1.3167291568469452
Eye close,1.8993431915126884
Eye close,0.728312808583652
Eye close,0.5755031302782885
Eye close,0.7794748078360807
Eye close,0.6551316996657468
Eye close,10.537719356568578
Eye close,5.944050205188899
Fit Eye,16.71922328502392
Eye close,16.361317569707477
Eye close,0.5448009323144167
Eye close,0.6955572211322301
Eye close,0.9752984540216882
Eye close,39.456438307554656
Eye close,0.982931417989528
Eye close,1.0643239467027186
Eye close,inf
Eye close,1.253664339848048
Eye close,0.614399899777303
Eye close,0.7504824261946134
Eye close,13.52007880932197
Eye close,0.7880357844064543
Eye close,0.8929418835132625
Eye close,0.677757064674558
Eye close,1.8749451076175283
Eye close,3.5845851187507973
Eye close,0.18333648721705945
Eye close,0.7626058000724232
Eye close,31.748540715877947
Fit Eye,29.816382472395325
Eye close,0.696473053985243
Eye close,21.157431941061965
Eye close,1.036805304173051
Fit Eye,10.554592671415922
Eye close,28.581777344348964
Eye close,0.963272123027618
Eye close,1.0445975368693474
Eye close,1.3918989987605834
Fit Eye,115.03969081011583
Eye close,0.8552286622723759
Eye close,32.84143904575682
Eye close,1.1013217631282868
Eye close,0.8542495839894377
Eye close,0.8394340077589898
Fit Eye,10.513758466947808
Eye close,14.90474649582756
Fit Eye,45.855400762759274
Eye close,0.8648216749027747
Eye close,0.6779275584211903
Eye close,0
Eye close,0.5185912098448748
Eye close,0.9327451400206827
Eye close,0.8301087103319823
Eye close,inf
Eye close,0.5020051088737794
Eye close,0.7277183472099035
Eye close,0.8382264599868493
Eye close,42.859864067284114
Eye close,0.7936600319825535
Eye close,0
Eye close,0.8552114014956019
Eye close,1.2135461794309883
Eye close,3.154683298063395
Eye close,0.30320763450989885
Eye close,23.555378808870966
Eye close,1.0002332757895265
Eye close,0
Eye close,0.5099439711789586
Eye close,0
Eye close,0.8310115192641074
Eye close,0
Eye close,1.4793032919476912
Eye close,0.6595206544477114
Eye close,inf
Eye close,20.641136166977212
Eye close,1.61821319537707
Eye close,1.7603180652128056
Eye close,42.67855317720972
Eye close,0.8375830090320872
Eye close,0
Eye close,1.2631008168803224
Eye close,1.0264841208686222
Eye close,89.58777769703585
Eye close,0.9715362501482202
Eye close,0.9582605798196335
Eye close,1.067470375156484
Eye close,0.9755769141461738
Eye close,1.2001303008338646
Eye close,1.2986181538952681
Eye close,2.2414411534415732
Eye close,1.3205329136970636
Eye close,1.2608073625840515
Eye close,1.726260305055633
Eye close,0.9671365413357543
Eye close,18.809050817396518
Eye close,55.37624376906287
Eye close,0
Eye close,86.91190859839858
Eye close,inf
Eye close,1.3769590227273014
Eye close,0.8779158700402974
Eye close,0.4916631305025778
Eye close,0.03311825985134678
Eye close,0.5225923973191637
Eye close,0.8540673517765832
Eye close,22.969410177337377
Eye close,1.368587732054527
Eye close,0.6826292914913598
Eye close,1.0354258193853605
Eye close,inf
Eye close,0.7598730214865657
Eye close,0.9895438331076433
Eye close,13.64397099773168
Eye close,6.179745847180112
Eye close,1.1493683948268756
Eye close,0.9862289149458174
Eye close,0.5
Eye close,1.0137267101174103
Eye close,40.84028427413929
Eye close,0.9063298989400435
Eye close,0.7404730866654509
Eye close,7.342475840966794
Eye close,1.0059425198308762
Eye close,0
Eye close,0.39350589294844784
Fit Eye,11.793670407179883
Eye close,39.18767087619533
Eye close,20.661036957325216
Fit Eye,128.20710678118655
Fit Eye,40.80396490521313
Eye close,2.598082366521234
Eye close,2.763281420022859
Eye close,1.2319060878991623
Eye close,0.4797218679990405
Eye close,0
Eye close,1.4328268018979153
Eye close,0.5538925378324016
Eye close,0.5455631619782669
Eye close,0.8164322103737327
Eye close,1.529814868715794
Fit Eye,5.011685740839269
Eye close,0.8404434354935167
Eye close,0.36793083229403883
Eye close,0.5094888597836177
Fit Eye,inf
Eye close,0.7875406704137715
Eye close,0.8231173078696824
Eye close,0.83840195648063
Eye close,0.7580506056352725
Eye close,56.329172902138595
Eye close,0.7880419032205563
Eye close,0.8258335264251793
Eye close,4.737777924679952
Eye close,0.6366390039051111
Eye close,1.696246079472953
Eye close,1.1994152788948957
Eye close,0
Eye close,0
Eye close,1.1437416231400375
Eye close,0
Eye close,13.934153922225802
Eye close,1.0664282201251136
Eye close,1.1203096806450574
Eye close,9.307084142926705
Eye close,2.886784449836339
Eye close,4.5496964137188805
Eye close,0.9398941441690347
Eye close,0.9554779725875076
Eye close,1.0053765980733915
Eye close,0.5312236115355152
Eye close,1.0205190759888818
Eye close,1.2158123617596936
Eye close,16.958646704157896
Eye close,0
Eye close,0.7816294094771575
Eye close,inf
Eye close,1.0400888242353161
Eye close,0
Eye close,0.636389269520483
Eye close,3.726732011975099
Eye close,37.321889054322796
Eye close,1.0519925989870569
Eye close,2.769049196950746
Eye close,0.6879438484385108
Eye close,0.877873789923695
Eye close,0.9931904530814704
Eye close,0.752248903921397
Eye close,0.8929341483693618
Eye close,7.876039945101728
Eye close,0.8112346337406691
Eye close,0
Eye close,0.6894707328069102
Eye close,33.21025875354526
Eye close,1.109742429362606
Eye close,0.8200954428242081
Eye close,0.9126745763621614
Eye close,0.8363871144353086
Eye close,1.0245341527277418
Fit Eye,14.745279812409708
Eye close,0.8924016244391424
Eye close,0.6618122968196257
Eye close,0.568608671556279
Eye close,0.6492475782062399
Eye close,15.543953045930968
Eye close,3.383368124413744
Fit Eye,11.862973428278258
Eye close,0.6777976744065579
Eye close,5.662225789805088
Eye close,1.0476331119703046
Eye close,0.9374687831787591
Eye close,0.8773745299759614
Eye close,4.23146109911716
Eye close,2.622342336690673
Eye close,3.001888413663001
Eye close,1.0803643002522314
Fit Eye,18.266865668422145
Eye close,2.1846478321858513
Eye close,0
Eye close,0.07390640892078762
Eye close,3.84384916554149
Fit Eye,64.53033976109687
Fit Eye,11.198573274426076
Eye close,0.868036097289964
Eye close,1.0
Eye close,0.4192660888381882
Eye close,inf
Eye close,1.0606601717798212
Fit Eye,inf
Eye close,0.997040449477343
Eye close,0
Eye close,2.272771627525094
Eye close,0
Eye close,1.1718292482622445
Eye close,0
Eye close,1.6570861502754175
Eye close,4.348854523123283
Eye close,7.845188984002474
Eye close,1.3975895323329848
Eye close,2.2679566195216867
Eye close,0.7287086168709169
Eye close,0.6234912532629795
Eye close,0.8703384850138424
Eye close,0
Eye close,2.0180953395012757
Eye close,0.4257477144276023
Eye close,0.6058170766083696
Eye close,0.8012408239398686
Eye close,0.48263587932439
Fit Eye,23.47900750067906
Eye close,4.339965951860472
Eye close,0.7973098207702233
Fit Eye,127.8746357156164
Eye close,1.0744189996815745
Eye close,inf
Eye close,0.8827814623394018
Eye close,0.7569943367882841
Eye close,0.6506763142672022
Eye close,16.349384557971007
Eye close,0.6853504734178066
Eye close,0
Eye close,1.0990990583862235
Eye close,17.12309463643817
Eye close,1.0103449445007688
Eye close,0.9302826086649955
Eye close,1.1067859553047332
Fit Eye,8.568613808793796
Eye close,1.0327795695466642
Eye close,0
Eye close,179.0496355857941
Eye close,0.6967611824684402
Fit Eye,34.644520861117364
Eye close,0.6815388123523469
Eye close,1.9357409970806774
Eye close,4.137234463369848
Fit Eye,64.89099993130444
Fit Eye,81.66338465714519
Eye close,4.750824052562485
Eye close,0
Eye close,62.26764656794345
Fit Eye,179.07496667131502
Fit Eye,inf
Eye close,0.8639913204418437
Eye close,0.7220014697474514
Eye close,90.0700161156488
Eye close,inf
Eye close,0.5387234039682888
Eye close,0.5473899489463129
Eye close,0.8735837256179301
Eye close,45.516061036865786
Eye close,4.908849178895406
Eye close,0.4211056560861072
Eye close,0.9664063313572773
Eye close,0.22360679774997896
Fit Eye,inf
Eye close,0.5033670641481418
Eye close,1.6503088688432448
Eye close,5.044000297733011
Eye close,0
Eye close,18.91714918298127
Eye close,1.9226475092515787
Eye close,15.683993197856994
Eye close,27.049828364103725
Eye close,73.3610350959629
Eye close,53.957085992039445
Eye close,0.8575566842093743
Eye close,1.3173735912801163
Eye close,0.8319553016992767
Eye close,0.9278612653395064
Eye close,0.818020566174016
Eye close,0.8870964167257218
Eye close,1.0984601986900624
Eye close,0.5005064772556184
Eye close,0.8536892808581718
Eye close,0
Eye close,0
Eye close,4.915332661630958
Eye close,17.278407549908806
Eye close,29.146874622826825
Eye close,11.36448832112893
Fit Eye,9.519365231603947
Fit Eye,0
Eye close,1.0030001784267
Eye close,0.9198229034580807
Eye close,9.339085359057101
Eye close,77.52227593437708
Eye close,0
Eye close,1.3453801600660753
Eye close,0.8439672351132157
Eye close,85.68779034260932
Eye close,1.082454061989874
Eye close,1.3283050879096505
Fit Eye,inf
Eye close,0.8262953456494513
Eye close,0.23088609272467472
Eye close,0.48798605674809625
Eye close,0.9677698138440355
Eye close,0.4137507740724612
Eye close,0.890247683393584
Eye close,0.9970616259348188
Eye close,2.058937180790318
Eye close,1.4128175514031802
Eye close,0.9960258800611298
Fit Eye,1.0161247403947269
Fit Eye,0.8608480509100056
Fit Eye,3.679337825506274
Fit Eye,1.388851013964957
Eye close,1.1361665700429977
Eye close,0
Eye close,0.8903368366761348
Eye close,1.5345191005109213
Eye close,0.9567638853651904
Eye close,1.1021607609956308
Eye close,0.8938883989053654
Eye close,0.5910841523649083
Eye close,0.621083026218072
Eye close,0.5680512866658475
Eye close,1.2142103933129544
Eye close,0
Eye close,0.46783659987406057
Fit Eye,8.4730046096852
Eye close,4.625694688439157
Eye close,3.9039850011085213
Eye close,12.991652047556085
Eye close,0.7404064387976197
Eye close,0.5182322133519132
Fit Eye,2.345129290998707
Fit Eye,0
Eye close,1.049364377281678
Eye close,0.9069322534325536
Eye close,0.9224486527411274
Eye close,1.3458985608774876
Eye close,0.9754432613255732
Fit Eye,17.262231236575598
Eye close,0.3163296593306475
Eye close,0.6012323019354074
Eye close,11.745589009792766
Eye close,inf
Eye close,0.9576765843086004
Eye close,1.3739717374200553
Eye close,1.0572167902882408
Eye close,0.8309555013836776
Eye close,1.161211905879825
Eye close,0
Eye close,1.6298799772946768
Eye close,0.8805996023132808
Eye close,0.8079095904097904
Eye close,1.0578971402145536
Eye close,0.9892999857519497
Eye close,0
Fit Eye,1.128464125602411
Fit Eye,1.1069253452582346
Eye close,13.95599731260401
Eye close,0.651477107647789
Eye close,1.4113749419543784
Eye close,0.935571900022589
Eye close,inf
Eye close,0
Eye close,10.753360815640955
Eye close,0
Eye close,inf
Eye close,1.106667982892041
Eye close,28.228110662757917
Eye close,1.2782869292083336
Eye close,26.31710746759593
Eye close,0.5761302601269024
Eye close,18.56604867332507
Eye close,0.9330051022698946
Eye close,43.03724995955594
Eye close,inf
Eye close,0.7485143275219535
Eye close,0.9262058392133353
Eye close,32.791625522093454
Eye close,1.0562200485269195
Eye close,0.6303332595916219
Eye close,2.0134446034871862
Eye close,0.8007674208613071
Eye close,1.3212885288443137
Eye close,39.88096021804072
Eye close,0.8574054470672055
Eye close,6.725534455196136
Eye close,0.49075856292835995
Eye close,0.5103574062719549
Eye close,1.0097604148487322
Eye close,0.5521567646192357
Eye close,0
Eye close,0.7043777743595888
Eye close,0.7342855486489448
Eye close,1.9145289680449424
Eye close,0.884128119931841
Eye close,0
Fit Eye,127.76827449609416
Eye close,110.32887858476188
Eye close,1.3686508445924088
Eye close,36.0690376934544
Eye close,0.7209000942051061
Eye close,1.1029125855097628
Eye close,0.8583178590021983
Eye close,2.261168490856749
Eye close,0.8557484183274063
Eye close,0
Eye close,11.565251967617787
Eye close,0.7378941893529776
Eye close,0
Eye close,0.40328219289413914
Eye close,45.8434552855306
Eye close,9.438022233600753
Eye close,0
Eye close,0.6612716542153775
Eye close,0.8732763003798532
Eye close,0.7961302244595462
Eye close,1.3789296653044616
Eye close,3.328202211046633
Eye close,0.9729824082461267
Eye close,0.52959554628117
Eye close,0.5087971674212564
Eye close,0.428102335147916
Eye close,0.7478252222477314
Eye close,1.1707139792183643
Eye close,0.747325657083429
Eye close,0.9291531829181944
Eye close,1.5164225923935164
Fit Eye,2.3370534881622063
Fit Eye,0.8997483435201536
Fit Eye,1.6334579593515783
Eye close,0.8126696900693329
Fit Eye,4.5884211072268535
Fit Eye,1.3567521496256136
Eye close,10.318034657779977
Eye close,7.90693088225556
Eye close,5.028122414540103
Eye close,51.76090916403546
Eye close,1.60072235874571
Eye close,4.387357694720701
Eye close,0.755983509896262
Eye close,1.1803920688522915
Eye close,1.1308028454799244
Eye close,0.8675517070547373
Eye close,1.046353304002213
Eye close,1.1909105459191132
Eye close,1.087807020599105
Eye close,0.9922076799010382
Eye close,180.33335867930654
Eye close,19.811595094102234
Eye close,1.0923806022846232
Eye close,1.0070049861763348
Eye close,0.9930604903507395
Fit Eye,36.689405415540485
Eye close,2.55118241899373
Eye close,0.8039664467527448
Eye close,0
Eye close,0.9715588211531779
Eye close,28.91730945666404
Eye close,28.92395764790021
Eye close,0.8972881375777902
Eye close,0.9447139427330931
Eye close,0.43601521439874147
Eye close,36.69710214300823
Eye close,0.8715997992700133
Eye close,1.428130055873268
Eye close,0.6413266416257483
Eye close,0.6837111785739596
Eye close,0.23861702324747353
Fit Eye,2.271575921011771
Eye close,10.510538595547837
Eye close,4.675705341547438
Fit Eye,89.46044362725189
Fit Eye,21.575466607104683
Eye close,1.3319000564304788
Fit Eye,20.064244914596358
Eye close,8.671528950359969
Eye close,1.0132327959221752
Eye close,7.470403147608788
Eye close,0.7407646362537973
Eye close,2.096271248671076
Eye close,5.524401735788865
Eye close,0.7327543629805705
Eye close,0.8734445799643223
Eye close,1.9999499452176963
Eye close,0.8561768307579886
Eye close,0.6688877512511503
Eye close,0.4734217597821874
Fit Eye,55.19112435781977
Fit Eye,77.45232202842156
Eye close,nan
Fit Eye,0.6611708067091676
Fit Eye,39.39198540404511
Fit Eye,1.428355697996826
Fit Eye,12.849862463364621
Fit Eye,3.8400599694330677
Fit Eye,0.36019282522272206
Fit Eye,0
Fit Eye,0
Fit Eye,0.4953867209556976
Fit Eye,12.376505055307481
Eye close,6.156767355603129
Eye close,0.9074715889076684
Fit Eye,7.981296712968572
Fit Eye,358.8570387537931
Eye close,0.5
Eye close,0.6362175332839829
Fit Eye,inf
Eye close,1.4165196391083552
Eye close,1.0445736114604867
Eye close,0
Eye close,1.1703654886110775
Eye close,0
Eye close,1.5397399289704456
Eye close,24.31973310832407
Eye close,0.1579769745764364
Eye close,0.9880770573607316
Eye close,0.866509113018151
Eye close,0.9191850929558024
Eye close,1.3006464925216517
Eye close,0.6036361762952451
Eye close,0.02096927885250381
Eye close,3.037963826822972
Eye close,0.5980096184305004
Eye close,0.4778738446118304
Fit Eye,1.2448378788108014
Eye close,0.5994748572716105
Eye close,0.5680924231014042
Eye close,1.1696182619390798
Eye close,1.6360272531308748
Fit Eye,inf
Eye close,1.981969476249315
Eye close,1.5637500327381082
Eye close,0.7980710411589116
Eye close,1.4410149975157245
Fit Eye,inf
Eye close,0.8576049990898276
Eye close,0.9437640393802202
Eye close,0.8871621156547196
Eye close,0.9453401353763236
Eye close,0.880424157746168
Eye close,0.6967179340714637
Eye close,0.9995687054809026
Eye close,0.5406922401523797
Eye close,0.4658707487738658
Eye close,0.6338137774393577
Fit Eye,1.0636993549856657
Fit Eye,28.824054684091
Eye close,126.75223460007219
Eye close,0
Eye close,0.9931170500299539
Eye close,0
Eye close,0.9931170500299539
Eye close,0
Eye close,0.9769977848108882
Eye close,0
Eye close,43.08142729068228
Eye close,0
Eye close,13.412873710249615
Eye close,0.8657951229298504
Eye close,0
Eye close,0
Eye close,0.46757764255176953
Eye close,0.9959940571601071
Fit Eye,inf
Eye close,16.32729579476737
Eye close,14.143205760498835
Eye close,2.4499204466984583
Eye close,0.6843913735367587
Eye close,1.2062264813364998
Eye close,0.7366708320654546
Eye close,1.2630432406264744
Eye close,0.5225077789927389
Eye close,10.707522770851334
Eye close,0.5649513344134727
Eye close,0.7098975108619786
Fit Eye,88.30110993475151
Eye close,1.9951298560616468
Eye close,3.966777501370115
Eye close,0.8099070414486461
Eye close,1.468287637107796
Eye close,0.9950328348790561
Eye close,0.7092479177126527
Eye close,0.9891833606553906
Eye close,0.8298771562294339
Eye close,0.8571943081942279
Eye close,0.8571943081942279
Eye close,1.0049731296309392
Eye close,29.193873301788763
Eye close,0.7043521040776344
Eye close,0.8832884358548361
Eye close,5.6609839494232554
Eye close,nan
Fit Eye,inf
Eye close,0.41767017352164365
Eye close,3.3996855957698675
Fit Eye,15.520200520024138
Eye close,0.2137772361953147
Fit Eye,0.7202190985826116
Fit Eye,0.8091075089594236
Fit Eye,1.0450535261976077
Fit Eye,0.7567187686146152
Fit Eye,1.0498197276713632
Eye close,5.888845178713176
Eye close,1.3159834317219443
Eye close,1.0800635920873167
Eye close,0.977925374618963
Eye close,1.5849956476586569
Fit Eye,1.8272146994517313
Eye close,0.8441466438319811
Eye close,1.2978791539259849
Eye close,5.818392312645144
Eye close,0.8966590868249303
Eye close,11.684330882965476
Eye close,0.9916970876654411
Eye close,14.90825664892678
Eye close,23.833485403333885
Eye close,0.7606072518347468
Fit Eye,2.069366249993626
Eye close,0.29819884259205365
Eye close,0.7081386139506881
Eye close,1.05857395869028
Eye close,5.151820416585055
Eye close,1.4817525280323391
Eye close,32.445114205623035
Eye close,16.122017428548336
Eye close,0
Eye close,inf
Eye close,4.186470664959641
Eye close,0.7247927100686281
Eye close,1.4762898583159312
Eye close,0.8285986185917309
Eye close,nan
Fit Eye,inf
Fit Eye,13.439467006572675
Fit Eye,1.5336413694518065
Fit Eye,1.1630439938452943
Fit Eye,0
Fit Eye,2.448006559189826
Fit Eye,0
Fit Eye,2.494465450451153
Fit Eye,1.3594097274995074
Fit Eye,1.779999351070887
Eye close,1.2264604890940505
Eye close,1.0185376160546626
Eye close,1.0997663566716318
Eye close,0.9929927641353307
Eye close,0.9929927641353307
Eye close,1.0697171146289457
Fit Eye,1.9325662831414185
Eye close,1.083752167887186
Eye close,0.9835617355823933
Eye close,4.344253390386642
Eye close,0.819524857147975
Fit Eye,19.250006010760902
Eye close,24.945958667223522
Eye close,0.9656697302461754
Eye close,23.42902699113237
Eye close,0.9366328950458815
Eye close,2.143797464817152
Fit Eye,inf
Fit Eye,0
Eye close,inf
Eye close,1.005069819792929
Eye close,1.1259586311959897
Eye close,0.9598448986475425
Eye close,0.9209948116944474
Eye close,0.7285076742221025
Eye close,0.834144751611303
Eye close,0.7301870400513558
Eye close,0.7985972536282597
Eye close,0.7461752021030819
Eye close,0.8671293523040581
Eye close,0.8356867060603875
Fit Eye,13.461422525940787
Eye close,1.0061564725607661
Eye close,0.9616705668230727
Eye close,1.2693463471946593
Eye close,1.338557031848092
Eye close,1.7562601016790218
Eye close,0.9939819627763877
Eye close,1.1027733314876806
Eye close,1.0905090984523993
Eye close,1.464668564529059
Eye close,0.8800050409233215
Eye close,12.828799567472199
Eye close,1.0159124754723154
Eye close,8.170937665318483
Eye close,1.216970483243619
Eye close,0
Eye close,0.8051161532532705
Fit Eye,1.1884113826324758
Eye close,1.798212175606907
Eye close,0.9156302377816288
Fit Eye,16.98331689998248
Eye close,0.9949454249175451
Eye close,1.082414855843795
Eye close,0.9033332821390564
Eye close,0.9203596995898884
Eye close,0
Eye close,inf
Eye close,nan
Fit Eye,28.884834862440144
Fit Eye,0.638347055120388
Fit Eye,0.6971375657196056
Fit Eye,0.6996166168072563
Fit Eye,1.1234682848200457
Fit Eye,1.010960913566825
Fit Eye,2.203034588113383
Fit Eye,16.60547510630939
Fit Eye,16.461856242874966
Fit Eye,1.0837187524842773
Eye close,0.6696873696565772
Eye close,inf
Eye close,1.2123488350591543
Eye close,1.2381164807079585
Eye close,1.8045540300011074
Eye close,78.223735690731
Eye close,1.3228263247146066
Eye close,0.9976927113845993
Eye close,0.7301945704428043
Eye close,0.8438950741807139
Eye close,1.4100513261943761
Eye close,0.704764773327919
Eye close,1.2778061492859214
Eye close,2.2125310074599476
Eye close,1.3028434045664454
Eye close,0.810466986047877
Fit Eye,1.5311844944159259
Eye close,0.8067767752380393
Eye close,1.3104023201115826
Fit Eye,9.26758449180883
Eye close,1.359019715200721
Eye close,0.9310632059923578
Eye close,0.504326475905081
Eye close,0.9432629202443085
Fit Eye,inf
Eye close,0.765353518410924
Eye close,1.5954055477118272
Eye close,1.0583897892131298
Eye close,0.9331696028386681
Eye close,1.0169590122922838
Eye close,1.005405171627466
Eye close,0.9508837148625933
Eye close,0.9931382255863129
Fit Eye,inf
Eye close,inf
Fit Eye,inf
Eye close,5.716785439008598
Eye close,14.19318239200466
Eye close,1.2347334712698024
Eye close,0.7335203877251568
Eye close,16.28427909633964
Eye close,117.13706661610661
Eye close,0.8113666047021925
Eye close,1.1321962368187497
Eye close,1.0360416935879462
Eye close,0.9005054312445142
Eye close,0.8555815493120724
Eye close,0.8399721084121798
Eye close,0.8756685687717454
Eye close,0.5231871995282319
Eye close,0.9920656316997396
Eye close,1.5159894007816714
Eye close,0
Fit Eye,19.804672087923773
Eye close,11.569147591423587
Eye close,1.2405620485117779
Eye close,0.9500221985634764
Eye close,1.0119618347654113
Eye close,0
Eye close,1.4047310934893364
Eye close,0.8952485218966366
Eye close,0.6676424152482501
Eye close,0
Eye close,1.0352658561431938
Eye close,11.666384256674123
Eye close,1.0310162707988206
Eye close,0.9794940720838006
Eye close,0.49728953152197974
Eye close,0
Eye close,7.164102615605636
Eye close,0.8325036061114992
Eye close,0.7314697799589617
Eye close,0.5192037360122529
Eye close,13.810429018215885
Fit Eye,inf
Fit Eye,inf
Eye close,0.9621509032620891
Eye close,20.37806979545334
Eye close,12.15771205075395
Eye close,0.7435615058601441
Eye close,0.5512688450846055
Eye close,0.8240420829126546
Eye close,0.619934636591199
Eye close,1.1284728154460422
Eye close,20.866339601585604
Eye close,0.8265085338142558
Eye close,0
Eye close,1.1427071854342394
Eye close,0.9811838476452293
Eye close,0
Fit Eye,29.49380318114945
Eye close,0.9995103025940235
Eye close,0.5941569116232889
Fit Eye,inf
Eye close,12.407880799872059
Eye close,3.424203105293581
Eye close,0.651751471869918
Eye close,4.2460994010652
Eye close,0.6944880713952819
Eye close,1.1034799429499422
Eye close,1.1034799429499422
Eye close,1.105988596272215
Eye close,1.1041759529171977
Eye close,0.5249384582754958
Eye close,0.040209729939201785
Eye close,0.322438284886208
Fit Eye,0.885740639827216
Eye close,0.6982010381334818
Eye close,0.3182890189432099
Fit Eye,0.5139400294209271
Fit Eye,18.992916755687453
Eye close,1.4252098065416834
Eye close,20.920589286223528
Fit Eye,7.31197533576451
Fit Eye,14.327906268312285
Eye close,1.1568504919352813
Eye close,0.887657613012841
Fit Eye,inf
Eye close,55.1176487282897
Eye close,17.006789745012522
Eye close,1.0019469276620758
Eye close,0.7660314355170271
Eye close,0.7460024058913393
Eye close,0.14918736222735288
Eye close,58.048903395060684
Eye close,0.2208630521496931
Fit Eye,inf
Eye close,1.2481621065344626
Eye close,0.984603832710717
Eye close,1.1036916139730433
Eye close,0.5790217646904656
Eye close,0.9596912560457147
Eye close,1.2928816783868704
Eye close,1.0111605265388686
Eye close,1.158642661049032
Eye close,0.7730578703276443
Eye close,22.806742722944723
Eye close,0.36726017377009235
Eye close,0.7185975693533452
Eye close,0.9302792575399685
Eye close,0.8313444058271735
Fit Eye,1.444867518297404
Eye close,0.8459530589502028
Eye close,0.8993152348919546
Eye close,0.707486045741229
Eye close,nan
Fit Eye,0.6571114797683814
Fit Eye,0.7447230027230265
Fit Eye,0
Fit Eye,0.9553484688725422
Fit Eye,0
Fit Eye,8.878948292486703
Fit Eye,0.9274105933170331
Fit Eye,13.792250803039732
Fit Eye,0.7141179367475715
Fit Eye,inf
Eye close,1.0143768125368486
Eye close,0.86723638280523
Eye close,0.92711217824756
Eye close,1.9542790460305364
Eye close,9.74377060238512
Eye close,0.7965494605543493
Eye close,13.873306755245155
Eye close,0.5382289229733074
Eye close,10.398300151183474
Eye close,13.214672583463734
Eye close,15.221909599580066
Eye close,0.006410612794188369
Eye close,0.8110970772926991
Eye close,2.041246652003693
Eye close,16.494430482579887
Eye close,1.1077562803239926
Eye close,0.7441844695384423
Eye close,8.610675133561491
Eye close,0.25
Eye close,1.0089651335007999
Eye close,0.3452510339869603
Eye close,0.6879540004667368
Eye close,1.0010627237673155
Eye close,1.0460815720938075
Eye close,0
Eye close,0
Eye close,0
Eye close,0
Eye close,0
Fit Eye,0.2893770984128008
Fit Eye,7.052013781682019
Eye close,18.29400730782162
Eye close,80.56689328970724
Eye close,0.8068352780503552
Eye close,1.3414131775610438
Eye close,0
Eye close,0.7829115214105266
Eye close,11.60275707037332
Eye close,4.66020427234214
Eye close,1.454892712084089
Eye close,1.014879691332199
Eye close,0
Eye close,1.4844496662545876
Eye close,1.6258988506389955
Eye close,0.8242643914385457
Eye close,1.8051589642203125
Eye close,0.9475189053803179
Eye close,120.29949063451267
Eye close,0.840763996538222
Eye close,0.968878838694908
Eye close,1.0570732877073783
Eye close,60.724449802543624
Eye close,25.534971053120422
Eye close,40.85598693091024
Eye close,5.190233657691346
Eye close,0.8574199814479742
Eye close,0
Eye close,61.29573202335889
Fit Eye,31.014350808541284
Fit Eye,0
Fit Eye,0
Eye close,0.9089023461808617
Eye close,1.0423860177579536
Eye close,1.1119462536163123
Eye close,0.8179345730776266
Fit Eye,inf
Eye close,0.7112743053473998
Eye close,36.77501191669044
Eye close,0.7377863660974244
Fit Eye,nan
Fit Eye,1.116890757474645
Fit Eye,0.7132419863440281
Fit Eye,0.6877429065273007
Fit Eye,21.862991597973707
Fit Eye,inf
Fit Eye,0
Fit Eye,0.8722858489379178
Fit Eye,0.9963103857229693
Fit Eye,0.8735363081869509
Eye close,0.19007338604623464
Eye close,39.94683878796219
Eye close,0.32551428941676397
Eye close,1.5282874964849698
Eye close,46.27272164354804
Eye close,0
Eye close,0
Eye close,0
Eye close,0.27944234798762724
Eye close,1.2708997900902859
Eye close,0.9348486680782163
Eye close,0.9770249139189986
Eye close,16.030728196595927
Eye close,0
Eye close,1.030066142283195
Eye close,1.1876030596535097
Eye close,0.917418351286137
Eye close,0
Eye close,0.770253600310178
Eye close,0
Eye close,65.65730336272355
Eye close,0.9014602615691767
Eye close,1.2510428261546667
Eye close,20.287832920169897
Eye close,2.736069071238501
Eye close,0.6774926130250694
Eye close,0.8770572440869694
Eye close,1.030982145484714
Eye close,0.9132869139320635
Eye close,4.527462494128172
Eye close,34.78647325874353
Eye close,90.09613049500399
Eye close,0.7277088535355175
Eye close,1.2245140247582247
Eye close,0
Eye close,0.8990391477682782
Eye close,0
Eye close,10.883254487958482
Eye close,0.7905075115218713
Eye close,1.1930971201546263
Eye close,0.6471527559177404
Eye close,0.8602024624559985
Eye close,45.72618429100014
Eye close,0.9092893222932518
Eye close,1.013705903620406
Eye close,0.6313390141148467
Eye close,1.046173284005705
Eye close,0.7661882040513537
Fit Eye,inf
Eye close,1.0303638152215422
Eye close,0.9889717552299587
Eye close,1.1544098835477778
Eye close,1.2116719755228622
Eye close,0.6264600627879914
Eye close,0.9186488177680174
Eye close,1.1357300525326839
Eye close,85.95934599050146
Eye close,0.9651963688765137
Eye close,1.9663317121518946
Eye close,0.6377351731127892
Eye close,1.302719164836113
Eye close,0.5090641598048625
Eye close,2.9693189730673963
Eye close,0.9959939760220718
Eye close,0.9999518112285124
Eye close,0.795809316700065
Eye close,0.759002874148982
Eye close,1.4233247428820859
Eye close,0.786279916010433
Eye close,0.7855660611671782
Eye close,0.5108639464737522
Fit Eye,1.3801085718123336
Eye close,0.766590702846398
Fit Eye,37.03808089877054
Eye close,4.375673427034091
Eye close,1.5120066600229887
Eye close,32.19111828601679
Eye close,1.2099627416198944
Eye close,2.0071944521691125
Eye close,1.2544497881424794
Eye close,0.6172865076842481
Eye close,inf
Eye close,0.8281686257022166
Eye close,1.169319605017682
Eye close,1.1887768928003675
Eye close,0.3460059544879281
Eye close,1.1666382656052134
Eye close,0.7783719609194301
Eye close,0.6047925147900163
Eye close,1.015200161270765
Eye close,1.467174010913683
Eye close,1.2252930729208564
Fit Eye,1.5967214107839087
Eye close,0.4092462197098062
Fit Eye,16.119550112680322
Eye close,1.2301943681319307
Eye close,0.6199996490793896
Eye close,1.4197741079862933
Eye close,1.4960621245208523
Eye close,2.561410032316292
Eye close,0.9510259421201095
Eye close,1.020570998080547
Eye close,0
Eye close,0.8591012280957585
Eye close,1.8594023789233534
Eye close,0.7071094997719478
Eye close,0.5013864838846795
Eye close,82.24189228072522
Eye close,1.0117192285411742
Eye close,0.5033592313480644
Eye close,1.102391488707595
Eye close,1.057497014778689
Eye close,0.7919564414600521
Eye close,0.6083671126221136
Eye close,0.6414905137736765
Eye close,0.8250884981596046
Eye close,9.503321966094418
Fit Eye,102.00901577586988
Eye close,0.8134831647491971
Fit Eye,inf
Eye close,1.7874388545888789
Eye close,1.6949460507354794
Eye close,0.8704287986110383
Eye close,0.7522724699574374
Eye close,27.39966134443432
Eye close,52.54129252007652
Eye close,inf
Eye close,0.8867190699380323
Eye close,12.524029030551873
Eye close,5.57028668120697
Eye close,0.8591716391663652
Eye close,0.46468149553136334
Eye close,46.28662122971631
Eye close,53.267190563581295
Eye close,17.179338147344794
Eye close,1.8251359896066863
Eye close,2.171230127975592
Eye close,0.8075184369846775
Eye close,0.7824036348265966
Fit Eye,23.170424449411414
Fit Eye,13.130156231794302
Eye close,1.0283229451614775
Eye close,0
Eye close,0.998194109833042
Eye close,0.6851124036240597
Eye close,0.7184590177714205
Eye close,0
Eye close,0.6027299679088306
Eye close,0.47977683087360434
Eye close,0.9249962684152518
Eye close,1.0742997062254183
Fit Eye,0.9264095242467566
Fit Eye,1.5963335591413748
Eye close,1.076881186326748
Fit Eye,3.4003775799130684
Fit Eye,1.9124175848470837
Fit Eye,2.1245051127560255
Eye close,0.9850156286890738
Eye close,0.8134297744578189
Eye close,0.8557525369958394
Eye close,0.5436924683827018
Eye close,1.0519667402654134
Eye close,inf
Eye close,0.5146597601451689
Eye close,4.21084547324639
Eye close,1.0005733173548406
Eye close,0
Eye close,0.8544810311723804
Eye close,0
Eye close,0.7151603061514858
Eye close,1.2963668342651948
Eye close,0
Eye close,0
Eye close,0.5530898530115987
Eye close,0
Fit Eye,0.6900481795993579
Fit Eye,0.9769963831024252
Fit Eye,0.8892369518233592
Fit Eye,0.8679602708685156
Fit Eye,23.27185566644673
Eye close,1.0753795633756773
Eye close,13.536664261361215
Eye close,1.4081728250945142
Fit Eye,14.06201630813337
Eye close,0.8183563490418523
Eye close,0.7809296219152709
Eye close,0.908828894520279
Eye close,0
Fit Eye,48.334863914660914
Eye close,0.9296560351413468
Eye close,1.0510617802691442
Eye close,0.6980657524253777
Eye close,1.1309628179430598
Eye close,0.9681088689509914
Eye close,1.6457110304559999
Eye close,1.0309699327985393
Fit Eye,46.6999498201496
Fit Eye,12.328700576960577
Fit Eye,127.97191862375124
Eye close,8.41598819802459
Eye close,0.7293533336947408
Eye close,1.0056024731060642
Eye close,3.277107473948489
Eye close,14.085198119661078
Eye close,11.98422235439202
Eye close,0.6554617656912628
Eye close,3.01624785250829
Eye close,119.03516202920827
Eye close,93.87894444941364
Eye close,7.972656312199159
Eye close,42.344276349732226
Eye close,8.287228641047362
Eye close,1.0987463829169497
Eye close,0.7914332034523631
Eye close,1.1340456391470324
Eye close,0.9158045552302321
Eye close,0.992433871220844
Eye close,0.7925463279268323
Eye close,0.8996656148946663
Eye close,0.80316208598645
Eye close,0.6654987893189483
Eye close,0.8226632521799715
Fit Eye,1.0822560332663194
Eye close,0.5379538016151525
Fit Eye,2.470740052249745
Eye close,8.228800646385627
Eye close,5.450308483339128
Eye close,2.9092710003203073
Eye close,3.921730934755159
Eye close,14.857408173284073
Eye close,1.4003514690362515
Eye close,0.846964218961022
Eye close,0.6865841586162569
Eye close,0.36546580656661815
Eye close,2.0521113749740643
Eye close,0.7948269766107767
Eye close,4.852339423741017
Eye close,1.5301347070530913
Fit Eye,inf
Eye close,4.423285572674142
Eye close,0.7188812645524264
Eye close,2.4505541443810053
Eye close,1.1346925303851016
Eye close,11.5604543405984
Eye close,40.48104231305787
Eye close,32.62402853533509
Eye close,9.516527616867863
Eye close,1.0390416935676856
Eye close,8.959789325584326
Eye close,0.7506377480369
Eye close,5.239315896687294
Eye close,6.3280486071574344
Eye close,0.8044866637409883
Fit Eye,10.551648933882227
Eye close,7.631572275695949
Eye close,3.345903845823867
Eye close,14.965485922500713
Eye close,6.52169919410589
Fit Eye,15.538233349099992
Fit Eye,0
Eye close,0.22043851674701406
Eye close,0.6755529984765745
Eye close,0.2582918863981475
Fit Eye,inf
Eye close,0.8798828275418795
Eye close,0.8435561558142771
Eye close,inf
Eye close,0.32969344646024806
Eye close,0.9680680245216435
Eye close,0.7535119444228441
Eye close,1.4348087611156537
Eye close,4.447172510413444
Eye close,1.5640340985487373
Eye close,1.0633363245963334
Eye close,1.0891378057036594
Eye close,0
Eye close,0.8179158994278081
Eye close,1.0685180073696436
Eye close,0.9013446205886445
Eye close,0.6186039658782451
Eye close,0.991862315943992
Eye close,1.0237347693768395
Fit Eye,0.9522080770911939
Fit Eye,9.427251874558218
Eye close,1.2073003771387714
Eye close,inf
Eye close,inf
Eye close,1.9656458106876766
Eye close,0.8362401901360575
Eye close,0.8426584494523215
Eye close,1.781812814381711
Eye close,0.8938124361887427
Eye close,1.0985773309991809
Eye close,0.9460754431200487
Eye close,1.0024476187834035
Eye close,5.417903504870096
Eye close,0
Eye close,9.081939873346402
Eye close,0.8966420347336131
Eye close,inf
Eye close,0.957903349662909
Eye close,10.91208741798568
Fit Eye,inf
Eye close,7.985562852693493
Eye close,33.22725975057731
Fit Eye,inf
Eye close,1.054765036661306
Eye close,nan
Fit Eye,nan
Fit Eye,1.292591338303554
Fit Eye,5.214684043907476
Fit Eye,3.8053822813394795
Fit Eye,0.8516595619640097
Eye close,2.5782677442562862
Eye close,0.8640551751160768
Fit Eye,5.019520109706095
Fit Eye,1.0172779289958884
Fit Eye,9.140772094807165
Fit Eye,1.3305162360568286
Fit Eye,21.511522715429727
Fit Eye,21.338427568846754
Eye close,1.1198482116131958
Eye close,0.7032936917506522
Eye close,0.5112355639480458
Eye close,1.3999637344589317
Eye close,1.7884468121381232
Eye close,1.6135206800458588
Eye close,1.8290293936646362
Eye close,1.6356904662202651
Eye close,0.7125645180887472
Eye close,0.8638596978265078
Fit Eye,inf
Eye close,0.9074310417455679
Eye close,0.6614582947447659
Eye close,1.321612766140615
Eye close,0.5135728156419953
Eye close,0.904687754932207
Eye close,19.269119859612744
Eye close,0.6155278454104158
Eye close,1.4138442068982982
Eye close,3.7185139814549943
Eye close,1.5969671291661132
Eye close,0.7419746931521817
Eye close,0.26184667454400007
Eye close,0.8737713216079659
Eye close,0.9767960776528849
Eye close,1.0183514590583727
Eye close,0.8705804343076087
Eye close,0.9045264221074751
Eye close,0.808525594770037
Eye close,0.9642896274624211
Fit Eye,0.5137946966990791
Fit Eye,10.6921195378787
Eye close,0.81074458279023
Eye close,0.6419652316381543
Eye close,0.6419652316381543
Eye close,4.211669391525007
Eye close,3.8410181429155807
Eye close,12.082759553599555
Eye close,4.827514288260414
Eye close,20.463762616706585
Eye close,0.8918709392268636
Eye close,0.9188503181953755
Eye close,1.1166402210680813
Eye close,0.8577967854495765
Eye close,1.2394520037745902
Eye close,0.8901140899558313
Eye close,1.2083296488802238
Eye close,1.0384822807561718
Eye close,0.8942275014650778
Eye close,1.17172530034956
Fit Eye,1.1160158909132367
Eye close,0.9734256518422124
Eye close,0.7895951485011621
Eye close,0.9761365306430673
Eye close,5.18437072877
Eye close,0.8534098790227237
Eye close,0.9998728338345391
Eye close,0.7418640022148885
Fit Eye,5.470452119188564
Fit Eye,6.179970067773438
Eye close,2.88212287729947
Fit Eye,7.105830207518037
Eye close,0.8042071321442958
Eye close,inf
Eye close,0
Eye close,0
Eye close,0
Eye close,0
Eye close,inf
Eye close,0.8409900251539061
Eye close,0
Eye close,1.2711395052069205
Eye close,0
Eye close,0
Eye close,0.9020438941154202
Eye close,0
Eye close,1.3494880463493266
Eye close,0.9330093897168517
Eye close,0
Fit Eye,1.6877888733601003
Fit Eye,0
Fit Eye,1.1046110193106036
Fit Eye,0
Fit Eye,2.3168842063884427
Fit Eye,9.448087760045484
Eye close,inf
Eye close,0
Eye close,18.94610498824088
Eye close,0
Eye close,59.92617896153032
Eye close,0
Eye close,0.9098364877480126
Eye close,0
Eye close,1.1310959319911522
Eye close,inf
Eye close,0.8187925303893607
Eye close,0
Eye close,1.0683871392052309
Eye close,15.152865950540455
Eye close,0
Eye close,0.8417661326192984
Eye close,1.2175904130610664
Eye close,64.5800689486107
Eye close,21.659797686937413
Eye close,0
Eye close,1.1204353468452026
Eye close,45.64452432461188
Eye close,72.34274324129142
Eye close,0.7420062240118732
Eye close,1.4563069337224503
Eye close,1.4161906089143759
Eye close,0
Eye close,0.9746045477030192
Eye close,0
Eye close,1.0965907554526495
Eye close,0
Eye close,1.1827592319698532
Eye close,0
Fit Eye,1.0190524306880324
Eye close,0.8232201226172317
Fit Eye,0.8837649998053347
Fit Eye,0.9471886361948112
Fit Eye,0
Fit Eye,77.33550363346465
Fit Eye,77.25669660166237
Eye close,1.339960795203196
Eye close,1.0492626702974959
Eye close,1.2846055613071068
Eye close,0
Eye close,0.9692795000474137
Eye close,0.8701834591990762
Eye close,0.8437441015748006
Fit Eye,32.59082375024793
Eye close,1.1625977945436787
Eye close,1.007187633540989
Eye close,1.1904843653236357
Eye close,1.0026765577306684
Eye close,0.9845054507317208
Eye close,0.6568623463252204
Eye close,0.9926997422473565
Eye close,0
Eye close,0.872386926481895
Eye close,0.9951972047878738
Eye close,0
Eye close,0
Fit Eye,0.8388913512250032
Fit Eye,0
Fit Eye,3.683926743574595
Fit Eye,0.9537206494436579
Fit Eye,0
Eye close,0.7424353123612792
Fit Eye,46.22802529107886
Eye close,0.9783956899386506
Eye close,0.5649564393899673
Eye close,inf
Eye close,0
Eye close,0.8090834601396226
Eye close,0.746882888168792
Eye close,0.936670861358194
Eye close,1.152010702298381
Eye close,1.0019433729169795
Eye close,0.9396760716951194
Eye close,1.3385400023021956
Eye close,0.929153813919094
Eye close,0.995080716156252
Fit Eye,1.2689076605267964
Eye close,nan
Fit Eye,inf
Fit Eye,0
Fit Eye,1.1649773619347301
Fit Eye,0
Fit Eye,1.0038525169257198
Fit Eye,0
Fit Eye,1.0007449843919363
Fit Eye,0
Fit Eye,0.9970365592915
Fit Eye,0
Eye close,0.5
Fit Eye,0.9900204264726428
Fit Eye,1.0108471650905406
Eye close,0.8402927825436427
Fit Eye,1.0755081433270042
Eye close,inf
Eye close,0
Eye close,0
Eye close,0
Eye close,0
Eye close,0
Eye close,0
Eye close,0.9960649373544551
Fit Eye,inf
Eye close,0.644948022019393
Eye close,0.9911868902729899
Eye close,0
Eye close,10.533160209390843
Eye close,0.9959779374874338
Eye close,inf
Eye close,inf
Eye close,0.7495064219382401
Eye close,1.440762506031817
Fit Eye,inf
Eye close,1.1328995968427578
Eye close,0.8432289817379043
Eye close,1.026930332299399
Eye close,1.521684790881084
Eye close,47.59989684485517
Eye close,1.7363045554804197
Eye close,0.9648668122164833
Eye close,1.4128104304540947
Eye close,9.965341004475048
Eye close,0.7534311090889303
Eye close,1.3895490566534343
Eye close,0.8578837024717515
Eye close,0.9691154980891079
Eye close,1.3316102423119134
Eye close,0.9441791438811133
Eye close,0.9750614094286568
Eye close,1.0592316763042204
Eye close,0.8129862235634923
Eye close,1.4176913241912086
Eye close,0.850798037120596
Fit Eye,1.280766910464229
Eye close,0.9363401709411111
Fit Eye,1.6853141819161688
Fit Eye,1.7435418139044458
Eye close,1.0358009218826865
Eye close,0.5091760454656883
Eye close,0.8331760682096471
Eye close,0.4712739893155094
Fit Eye,1.20354061906294
Fit Eye,35.78685941426867
Eye close,0.967352789531629
Eye close,24.501505188573564
Eye close,16.621762658548118
Eye close,0.7710912807870358
Eye close,0.994910217762786
Eye close,18.257621414995644
Fit Eye,inf
Eye close,1.1961780270769613
Eye close,0.9980099561498406
Eye close,0
Eye close,0
Eye close,0
Eye close,0
Eye close,0
Eye close,0
Eye close,0
Fit Eye,inf
Fit Eye,0
Eye close,0.8456940117957262
Eye close,0
Eye close,1.0214253602571526
Eye close,1.0065146424288702
Eye close,0
Eye close,0
Eye close,1.2995829512080173
Eye close,0
Eye close,2.907784483751192
Eye close,0
Fit Eye,0.9982940007135291
Fit Eye,0
Fit Eye,0
Fit Eye,0.9798540109841811
Fit Eye,0
Fit Eye,1.0023318627323952
Fit Eye,0
Fit Eye,nan
Fit Eye,1.0086338225380507
Fit Eye,0
Fit Eye,3.3277360384283265
Fit Eye,0
Fit Eye,120.3593757689934
Fit Eye,0
Fit Eye,inf
Fit Eye,0.9078431905572314
Fit Eye,1.2206859380895871
Fit Eye,60.903245509814155
Fit Eye,0
Eye close,21.91510054968627
Eye close,0
Eye close,1.0926667405853714
Eye close,1.976025427476428
Eye close,1.146332074926924
Eye close,2.549864392948637
Eye close,0.7238910363878714
Eye close,0
Eye close,0.995666264936149
Eye close,0
Fit Eye,inf
Eye close,0.9356146686154849
Eye close,0.8806221527459641
Eye close,0.9427671953043983
Eye close,1.042180416217601
Eye close,0.9514567817399514
Eye close,24.24583993687332
Eye close,inf
Eye close,1.0125181569999002
Eye close,38.68429455301144
Fit Eye,inf
Fit Eye,inf
Eye close,inf
Eye close,1.2471495713924547
Eye close,0.9947997737082487
Eye close,0.8956838743922748
Eye close,0.7561213410362109
Eye close,1.017707977918658
Eye close,0.9965000792520582
Eye close,1.0423617553701634
Eye close,85.56578099579336
Eye close,51.680498459917935
Eye close,inf
Eye close,nan
Fit Eye,4.121753909874357
Fit Eye,0.9492779854417666
Fit Eye,0.8888979559685901
Fit Eye,inf
Fit Eye,0.9467957732838742
Fit Eye,1.1290406086190046
Fit Eye,0.8892939981875007
Fit Eye,1.9091579815813808
Fit Eye,1.0793675327536063
Fit Eye,1.007157229799914
Eye close,0.9959912859035622
Eye close,1.0468682119871073
Eye close,1.3371189626475766
Eye close,0.9521629570329185
Fit Eye,1.6894524096147818
Eye close,1.0970332488536907
Eye close,0.8318238755620342
Eye close,0.8969937782000393
Eye close,0.8031014619149761
Fit Eye,inf
Fit Eye,inf
Fit Eye,0
Eye close,inf
Eye close,0
Eye close,0.7950626062033544
Eye close,0
Eye close,31.44564623228597
Eye close,0
Eye close,0.8608578610202585
Eye close,0
Eye close,0.963664791339517
Eye close,0.9860548177480037
Eye close,0
Eye close,16.014538608745422
Eye close,0.9910518691624011
Eye close,0
Eye close,0.93199716140318
Eye close,0
Eye close,0.7209045478443216
Eye close,0.9553735144923763
Eye close,1.894708122955293
Eye close,0.8897950755749777
Eye close,0.9191937726708239
Eye close,0.786002091100161
Fit Eye,1.1983303333033786
Fit Eye,inf
Eye close,1.5833849790698895
Eye close,6.783533363677013
Eye close,1.1280084510159099
Eye close,inf
Eye close,7.084703727985875
Eye close,0.9121032117611328
Eye close,0.9702272727113499
Eye close,0
Eye close,0.6760247322136383
Eye close,0
Eye close,0.8777694783912922
Eye close,0
Eye close,0.7519778294361121
Eye close,0.959126421592121
Eye close,0.9667079724175583
Eye close,1.2657592339445778
Eye close,0
Fit Eye,0.7404508996274123
Fit Eye,0
Fit Eye,0.7813209776177592
Fit Eye,0
Fit Eye,0.787464327014797
Fit Eye,0
Fit Eye,1.130672546377686
Fit Eye,0.9861270599643509
Fit Eye,1.4661295790270714
Fit Eye,0
Fit Eye,0
Fit Eye,4.522167456938275
Fit Eye,0
Fit Eye,1.017552490444926
Fit Eye,0
Fit Eye,1.163455087245441
Fit Eye,0
Fit Eye,1.0552415072621142
Fit Eye,0
Fit Eye,1.0252532102688132
Fit Eye,1.1289844450357618
Fit Eye,1.0405806399431436
Fit Eye,1.2081726172154938
Fit Eye,1.2434581306228687
Eye close,0.8626633654444137
Fit Eye,1.4583812902032274
Eye close,2.028694221429175
Eye close,2.8802811482351416
Eye close,0.997201005760709
Fit Eye,nan
Fit Eye,0.9959957335018745
Fit Eye,1.017830325003822
Fit Eye,72.72120322761545
Fit Eye,0.7700027857663979
Fit Eye,0.9848589798339845
Fit Eye,0.693572740701725
Fit Eye,inf
Fit Eye,0.9501040222711366
Fit Eye,1.2116714768216557
Fit Eye,1.81235043799768
Eye close,1.4947594092575316
Eye close,0.8317721767532942
Eye close,0.9567724666857016
Eye close,1.039377140679555
Eye close,0
Eye close,1.0655658237620078
Eye close,1.9443742371615165
Fit Eye,32.839193868286124
Fit Eye,0
Eye close,9.145210161265004
Eye close,0.9970305504865085
Eye close,0
Eye close,0.94561902644176
Eye close,1.0586631513333742
Eye close,0
Eye close,1.0223773925789879
Eye close,0
Eye close,0
Fit Eye,2.5202467346000534
Fit Eye,0
Fit Eye,2.4665549243106395
Fit Eye,inf
Fit Eye,0
Eye close,1.3160121801851017
Eye close,0
Eye close,1.461449513391623
Eye close,0
Eye close,1.0588313399108416
Eye close,2.6479099030433835
Eye close,0
Eye close,0
Eye close,60.107934155409204
Fit Eye,inf
Eye close,0.9876940185526379
Eye close,0.9925319462728119
Eye close,0.9925319462728119
Eye close,0.99762335443906
Eye close,1.110755084037071
Eye close,6.260483855704945
Eye close,0.8929806829645917
Eye close,25.411819472835038
Eye close,0.9578980790013677
Eye close,0.6746534008757491
Eye close,0.6726366697170166
Eye close,0.7340179494932957
Eye close,1.008557435481478
Eye close,0.9214363699781645
Eye close,2.790276548263247
Eye close,1.0470008200557273
Eye close,1.047323878361922
Fit Eye,46.29334579571813
Eye close,1.1990036360301342
Eye close,0.9315379238360141
Eye close,1.0046163835491644
Eye close,0.685534613337213
Eye close,0.9570248305280886
Eye close,1.022482425181673
Eye close,0.7611820788053529
Eye close,0.9968172677925017
Eye close,1.0005818444812475
Eye close,0.5156293475199356
Eye close,0.7397753019372137
Fit Eye,1.6648539008877008
Fit Eye,2.7232725040229617
Eye close,1.6444504724148523
Eye close,11.401406772259707
Eye close,0.9452849214991472
Eye close,0
Eye close,1.2724051664115983
Eye close,0
Eye close,0.7928022022237087
Eye close,0
Fit Eye,53.692403573391324
Fit Eye,79.00649280227316
Fit Eye,124.63553453998937
Eye close,0.9648859284583133
Eye close,0.9702721588202029
Eye close,0.957660944717409
Eye close,0.9658629921774242
Eye close,1.0350845892172078
Eye close,1.037148615690545
Eye close,0.7747943260488138
Eye close,1.0079667131008962
Eye close,1.0308696512354116
Eye close,0.9828045198237771
Fit Eye,1.0051365416989235
Eye close,0.006720892839317116
Eye close,0.7587718852173961
Fit Eye,0.999016722484744
Fit Eye,0.95121672002682
Fit Eye,0.9783120464549706
Eye close,0.9240629579461
Fit Eye,1.0076864438405952
Fit Eye,0.8818190236534671
Eye close,0.7818165326874795
Fit Eye,inf
Eye close,0.7896776478654338
Fit Eye,inf
Eye close,0.8652279260631565
Fit Eye,inf
Eye close,inf
Eye close,0
Eye close,0.8100567688598359
Eye close,1.0125647258507566
Eye close,0.7851337878304231
Eye close,0.8786263085563458
Eye close,0.9827751531355234
Eye close,inf
Eye close,12.990748746410889
Eye close,0.688163712351563
Eye close,0.7302227504768379
Eye close,0.8592314725275199
Eye close,0.9696596881995767
Eye close,0.8998489680040885
Eye close,0.8007527499612229
Eye close,0.8395270812012537
Eye close,0.9263885344611339
Eye close,0.9257744911517756
Eye close,0.8984542135540509
Fit Eye,0.8983817695975052
Fit Eye,0.9603316903768466
Eye close,0.861531874590125
Eye close,0.7803819357460778
Fit Eye,1.1141112917928593
Fit Eye,inf
Eye close,0.8407512911248722
Eye close,0.9522444586577361
Eye close,1.1363016700351973
Eye close,0.816309804723937
Eye close,0.8552011735631893
Eye close,0.8341702832103731
Eye close,50.765914075559756
Eye close,1.0793094386435618
Eye close,0.9300557909834517
Eye close,0.8058909668144759
Eye close,1.3223409202276066
Eye close,0.8423351937652509
Eye close,0.9477704035215488
Eye close,1.3220589652268928
Fit Eye,inf
Eye close,1.049609268059134
Eye close,0.8679135571489565
Eye close,1.0208747227415071
Eye close,0.7335575176751494
Eye close,5.133949285009469
Eye close,1.061185767906362
Eye close,1.7473776075851628
Eye close,8.367091609979635
Eye close,0.8554845198765443
Eye close,19.705396695017686
Eye close,0.9318555990100215
Eye close,0.8907791348122835
Eye close,1.0708937918563979
Eye close,0.907220094835516
Fit Eye,12.205404466392734
Eye close,11.047360981858905
Eye close,1.004200018411304
Eye close,1.1078076126073362
Eye close,0.6495243787431749
Eye close,1.3539359385757899
Eye close,18.171103819751448
Eye close,1.1931693594717538
Eye close,1.0823274853018852
Eye close,2.0006092757145026
Eye close,1.0432362726957094
Fit Eye,10.256213088986692
Eye close,0.9413424950456939
Eye close,1.4477832302245863
Eye close,0.8402718770006609
Eye close,1.245750425675027
Eye close,0.9604732864447014
Eye close,17.90216133230881
Eye close,0.9515695998091558
Eye close,0.8786201335988203
Eye close,60.95082848768256
Eye close,5.3125700571389745
Fit Eye,3.507217263118558
Eye close,1.3026871686415358
Eye close,1.0197685027186414
Eye close,0.925859065745805
Fit Eye,7.0791770680784625
Eye close,1.2797302232857046
Eye close,1.2721404336873392
Eye close,0.9054914680362494
Eye close,0.9135645906084414
Eye close,1.104359376099396
Eye close,1.3053334720560636
Eye close,0.9779403555468766
Eye close,1.0033878841241568
