Eyes Closed Status,Eye Fit Ratio
Alert Eyes,0.8164047064144181
Alert Eyes,0.6620448040237911
Alert Eyes,0
Alert Eyes,48.75531393296727
Alert Eyes,0.5603026338047431
Alert Eyes,0.3711410889323432
Alert Eyes,11.620631270600633
Alert Eyes,14.148821085757964
Alert Eyes,0.6619178841121742
Alert Eyes,inf
Alert Eyes,38.69201323100916
Alert Eyes,0
Alert Eyes,1.076023793910472
Alert Eyes,inf
Alert Eyes,16.288753095441447
Alert Eyes,0.7084920746310281
Alert Eyes,0.36723851083935316
Alert Eyes,0.9844674844885719
Alert Eyes,1.2655478960524151
Alert Eyes,9.915763251852285
Alert Eyes,2.6644273638694416
Alert Eyes,3.655791380109026
Alert Eyes,1.4856342993387792
Alert Eyes,0.5382937078524501
Alert Eyes,0
Alert Eyes,2.0551336407281653
Alert Eyes,0.6884562367625122
Alert Eyes,3.4153860406945267
Alert Eyes,1.0143358231325932
Alert Eyes,1.0789996678810336
Alert Eyes,1.046108823808933
Alert Eyes,0
Alert Eyes,1.3145990641597833
Alert Eyes,0
Alert Eyes,1.0857800349316744
Alert Eyes,0
Alert Eyes,0.6497633770350109
Alert Eyes,0
Alert Eyes,12.945751810716116
Alert Eyes,0
Alert Eyes,1.821333285624932
Alert Eyes,1.5220300201590435
Alert Eyes,10.326040047269666
Alert Eyes,0.6320521145960704
Alert Eyes,0.9641619139174114
Alert Eyes,18.899742922341247
Alert Eyes,0.9701656534845414
Alert Eyes,1.0203763142417706
Alert Eyes,0.8871484000736718
Alert Eyes,1.5886367736243787
Alert Eyes,4.407135323956662
Alert Eyes,1.0943143627011014
Alert Eyes,1.0784951273658967
Alert Eyes,0.9055111559372427
Alert Eyes,0.8924114261820649
Alert Eyes,1.123393533608329
Alert Eyes,1.254827330483166
Tired Eyes,0.881285592934089
Alert Eyes,1.0792981450902668
Alert Eyes,1.4438672875890408
Alert Eyes,1.1869130031532273
Alert Eyes,1.0236878069656372
Alert Eyes,inf
Alert Eyes,6.601110363070587
Alert Eyes,7.598596195056796
Alert Eyes,0.8656958452556305
Alert Eyes,0.7370085274414943
Alert Eyes,1.0209021400746365
Alert Eyes,0
Alert Eyes,0
Alert Eyes,0.9896815105057885
Alert Eyes,2.6129934257193144
Alert Eyes,1.0986208054580473
Alert Eyes,1.1281068506351615
Alert Eyes,0.6075775989281538
Alert Eyes,0.86810098313376
Alert Eyes,0.9243329558864641
Alert Eyes,0.9535992757317215
Alert Eyes,1.0380166129503587
Alert Eyes,0.9562092638232252
Alert Eyes,9.695348740175024
Alert Eyes,0.9758169624129919
Alert Eyes,11.134868870777769
Alert Eyes,0.9157302421806391
Alert Eyes,1.0309077454763225
Alert Eyes,inf
Alert Eyes,14.851710418226482
Alert Eyes,20.740966131168197
Tired Eyes,0.283123094226392
Alert Eyes,0.7958127591820007
Alert Eyes,0.8503183281278632
Alert Eyes,18.14197398639686
Alert Eyes,0.8383578853371049
Alert Eyes,1.486729080277843
Alert Eyes,1.0153436079729845
Alert Eyes,0
Alert Eyes,1.1179304830888
Alert Eyes,inf
Alert Eyes,0
Alert Eyes,0
Alert Eyes,13.897963120397188
Alert Eyes,0
Alert Eyes,0.866798932598244
Alert Eyes,0
Alert Eyes,inf
Alert Eyes,0
Alert Eyes,0.7972655575577315
Alert Eyes,0.8650495424198026
Alert Eyes,0
Alert Eyes,7.661881863157672
Alert Eyes,0
Alert Eyes,8.606284941600537
Alert Eyes,0
Alert Eyes,54.67581036134998
Alert Eyes,0
Alert Eyes,0.8039039211497178
Alert Eyes,0
Alert Eyes,inf
Alert Eyes,0
Alert Eyes,0.9826117287314583
Alert Eyes,0
Alert Eyes,0.8440152614872029
Alert Eyes,0
Alert Eyes,18.991447646270707
Alert Eyes,0
Alert Eyes,27.766982253459677
Alert Eyes,0
Alert Eyes,14.217689608314368
Alert Eyes,0
Tired Eyes,0.8027160891003801
Tired Eyes,0
Alert Eyes,0.8800189501664948
Alert Eyes,0
Alert Eyes,0.803682923714061
Alert Eyes,0.905905640370381
Alert Eyes,0
Alert Eyes,1.1551144224526304
Alert Eyes,0
Alert Eyes,1.0898408538346762
Alert Eyes,0
Alert Eyes,7.656447906055002
Alert Eyes,2.7125412414916594
Alert Eyes,1.1885037732549655
Alert Eyes,0.9950368025123133
Alert Eyes,0
Alert Eyes,0
Alert Eyes,0
Alert Eyes,0
Alert Eyes,0
Alert Eyes,0
Alert Eyes,0
Alert Eyes,0
Alert Eyes,0
Alert Eyes,0
Alert Eyes,0
Alert Eyes,0
Alert Eyes,0
Alert Eyes,0
Alert Eyes,0.9960059519039361
Alert Eyes,0
Alert Eyes,0
Alert Eyes,0
Alert Eyes,0
Alert Eyes,0
Alert Eyes,0
Alert Eyes,0
Alert Eyes,0
Alert Eyes,0
Alert Eyes,0
Alert Eyes,0
Alert Eyes,0
Alert Eyes,0
Alert Eyes,0
Alert Eyes,0
Alert Eyes,0
Alert Eyes,0
Alert Eyes,0
Alert Eyes,1.0124637736374622
Alert Eyes,0
Alert Eyes,1.0010255058124595
Alert Eyes,0
Alert Eyes,0.9417432759007477
Alert Eyes,0.9911138064341712
Alert Eyes,1.0030643481698904
Alert Eyes,0.9876174777950542
Alert Eyes,7.416809112060765
Alert Eyes,29.111769161179215
Alert Eyes,0.8650990491819079
Alert Eyes,8.077474553375025
Alert Eyes,128.00553205880956
Alert Eyes,22.28691966441783
Alert Eyes,0.7031474851173701
Alert Eyes,69.00573280413604
Alert Eyes,60.398063314247324
Alert Eyes,0.6914841733877332
Alert Eyes,0.9035399832967863
Tired Eyes,84.1574738308004
Alert Eyes,0.9379336149385836
Alert Eyes,1.2054582641750249
Alert Eyes,0.8369077729995245
Alert Eyes,1.1715907578840665
Alert Eyes,29.124166951734665
Alert Eyes,0.9793743919538647
Alert Eyes,1.7535872142353017
Alert Eyes,2.5634753785636804
Alert Eyes,4.344495137871497
Alert Eyes,0.9949915684457172
Alert Eyes,0
Alert Eyes,4.7655706248311205
Alert Eyes,5.603912741070698
Alert Eyes,0
Alert Eyes,1.1084655622359678
Alert Eyes,1.2408599281284443
Alert Eyes,1.1973399766025539
Alert Eyes,0.8365773007308633
Alert Eyes,0.7690814728904385
Alert Eyes,0.8456139849695282
Alert Eyes,1.5204004877624204
Alert Eyes,1.3885103010851028
Alert Eyes,1.2157687879821573
Alert Eyes,0.7858013176040146
Alert Eyes,0.7046231780542797
Alert Eyes,0.9136927094671725
Alert Eyes,1.0115995760213352
Alert Eyes,1.7531336194399736
Alert Eyes,8.709256741394952
Alert Eyes,0.9702448875408853
Alert Eyes,0
Alert Eyes,0.8326334226323466
Alert Eyes,0
Alert Eyes,0
Alert Eyes,0
Alert Eyes,0
Alert Eyes,0.9943854555168733
Alert Eyes,1.9936047919685305
Alert Eyes,1.3728129459672882
Alert Eyes,0
Alert Eyes,0.875264680327677
Alert Eyes,0
Alert Eyes,0
Alert Eyes,0
Alert Eyes,1.1683246898125645
Alert Eyes,0
Alert Eyes,0
Alert Eyes,1.3617959798946428
Alert Eyes,0
Alert Eyes,1.2891334457410115
Alert Eyes,0
Alert Eyes,0
Alert Eyes,0
Alert Eyes,0.8126670627948123
Alert Eyes,2.850781059358212
Alert Eyes,0
Alert Eyes,1.8129510846562622
Alert Eyes,0.3612815052316835
Alert Eyes,0
Alert Eyes,1.8129510846562622
Alert Eyes,0.6035533905932737
Alert Eyes,0
Alert Eyes,0
Alert Eyes,1.0585626295791288
Alert Eyes,0
Alert Eyes,0
Alert Eyes,0
Alert Eyes,0
Alert Eyes,0
Alert Eyes,0
Alert Eyes,0
Alert Eyes,0
Alert Eyes,0
Alert Eyes,0
Alert Eyes,1.0265408536334741
Alert Eyes,0
Alert Eyes,0.9864965327541068
Alert Eyes,0.9640762639176638
Tired Eyes,1.022875371640292
Alert Eyes,0.923648171271887
Alert Eyes,1.0036084567341694
Tired Eyes,0.7308194105880874
Alert Eyes,3.290565861902607
Alert Eyes,1.0510568399982028
Alert Eyes,nan
Alert Eyes,0.6275531342574145
Alert Eyes,0.6847493258207193
Alert Eyes,52.93565966113434
Alert Eyes,0.8218306890694516
Alert Eyes,0.7911337486218497
Alert Eyes,0.5881386798828003
Alert Eyes,0.9080029322168738
Alert Eyes,1.0004229182182967
Alert Eyes,inf
Alert Eyes,1.5502803566593106
Alert Eyes,0.8903076022727355
Alert Eyes,9.722601043766367
Alert Eyes,0.7921586563601746
Tired Eyes,inf
Alert Eyes,13.846100602449113
Alert Eyes,0.8547093321709199
Alert Eyes,1.0291146312392185
Alert Eyes,inf
Alert Eyes,inf
Alert Eyes,1.0151908070599598
Alert Eyes,3.353186462090555
Alert Eyes,21.587607371641273
Alert Eyes,1.1743485508246305
Alert Eyes,26.243619307570487
Alert Eyes,0.9533286850164895
Alert Eyes,0.7635756012876456
Alert Eyes,6.785886469952592
Alert Eyes,inf
Alert Eyes,inf
Alert Eyes,26.09735697646318
Alert Eyes,nan
Alert Eyes,0
Alert Eyes,0.7809442754249272
Alert Eyes,0
Alert Eyes,13.761580625493332
Alert Eyes,1.2034788948866555
Alert Eyes,0
Alert Eyes,0.9700384411714138
Alert Eyes,0.7531540448122819
Alert Eyes,0
Alert Eyes,1.1511679591025386
Alert Eyes,0
Alert Eyes,0.8687136250217901
Alert Eyes,0
Alert Eyes,1.0184856310568826
Alert Eyes,0
Alert Eyes,0.8149018609414612
Alert Eyes,0
Alert Eyes,6.374711359531732
Alert Eyes,0.980909458864927
Alert Eyes,0.6523803329579446
Alert Eyes,0.9434383148292269
Alert Eyes,27.446271866897643
Alert Eyes,0
Alert Eyes,0.576060387781924
Alert Eyes,0.8542473108434173
Alert Eyes,0.5401897096466565
Alert Eyes,inf
Alert Eyes,0.6845941969901252
Alert Eyes,1.0005947437144027
Alert Eyes,0
Alert Eyes,0.43505276341087673
Alert Eyes,0.4241011509431953
Alert Eyes,0.9989743115590337
Alert Eyes,10.81728559666639
Alert Eyes,45.78697074822899
Alert Eyes,0.9241361713633858
Alert Eyes,1.1008957946829419
Alert Eyes,0.9286592054481493
Alert Eyes,1.0647857254665458
Alert Eyes,0
Alert Eyes,0.9693142804558919
Alert Eyes,0.8375965693450764
Alert Eyes,0.9528352544226056
Alert Eyes,1.0303998231267857
Alert Eyes,0.9132636807466145
Alert Eyes,0
Alert Eyes,1.020237736277499
Alert Eyes,1.0045855904474146
Alert Eyes,1.1308862431922106
Alert Eyes,1.190204910714912
Alert Eyes,1.0137757208249096
Alert Eyes,0.8793001290588954
Alert Eyes,4.370171088178355
Alert Eyes,0.7449030162791337
Alert Eyes,0.7775206645191313
Alert Eyes,0.9381746983436555
Alert Eyes,1.5396915311842696
Alert Eyes,1.3713619514512876
Alert Eyes,1.051578076443261
Alert Eyes,1.0235247519609072
Alert Eyes,0.9230339880006886
Alert Eyes,0.8349233763642984
Alert Eyes,0.7699548142822498
Alert Eyes,0.8819667714255803
Alert Eyes,inf
Alert Eyes,1.0739181670336015
Alert Eyes,0.8678315060739044
Alert Eyes,0.8603215306802715
Alert Eyes,1.2438015328308314
Alert Eyes,2.7168850285721065
Alert Eyes,6.3556476258108425
Alert Eyes,1.2357910952783424
Alert Eyes,1.1317740700458851
Alert Eyes,1.228775048895001
Alert Eyes,1.019066295556644
Alert Eyes,0.9116802612470208
Alert Eyes,1.3975310643781267
Alert Eyes,0.9028249288303787
Alert Eyes,1.1111094157949055
Alert Eyes,0.9245171790922283
Tired Eyes,0.6825251143411682
Alert Eyes,inf
Alert Eyes,0.9459745187655693
Alert Eyes,0.999404993978413
Tired Eyes,0.8498986548185157
Alert Eyes,0.9116529843917425
Alert Eyes,0.9934790274187764
Alert Eyes,0.9934790274187764
Alert Eyes,1.1931949062295666
Alert Eyes,25.268774110655674
Tired Eyes,0.6696028966757572
Alert Eyes,0.9820126334774141
Alert Eyes,1.144796375778193
Tired Eyes,0.7068395398177593
Alert Eyes,0.98433540540354
Alert Eyes,1.132527959292967
Alert Eyes,1.3217164562151178
Alert Eyes,1.039607348606982
Alert Eyes,0
Tired Eyes,0.664695767167912
Alert Eyes,0.7820702055069703
Tired Eyes,0.8278808163600696
Tired Eyes,0
Alert Eyes,0.7992083899633069
Alert Eyes,8.487628407465289
Alert Eyes,0.9787256071861732
Alert Eyes,1.0060849928820832
Alert Eyes,21.87392538043463
Alert Eyes,0.9918707988406307
Alert Eyes,0.7989688574754599
Alert Eyes,1.1267467913248177
Alert Eyes,0.9900422678946796
Alert Eyes,0.9475557283525214
Alert Eyes,1.3655147161971648
Alert Eyes,0.9816340055141073
Alert Eyes,0.9895889647448036
Alert Eyes,0.7738197867044602
Tired Eyes,0.5759540162877642
Alert Eyes,1.0212265391367725
Alert Eyes,1.110934440816628
Alert Eyes,1.1264528481026181
Alert Eyes,29.54767728178051
Alert Eyes,6.638484191483815
Alert Eyes,1.0179731575846214
Alert Eyes,0
Alert Eyes,0.9990205860505752
Alert Eyes,0.99502091039323
Alert Eyes,0.7046272648159267
Alert Eyes,0.9139114146383069
Alert Eyes,2.761481036582793
Alert Eyes,0.8995434706029055
Tired Eyes,inf
Alert Eyes,60.549782143751514
Tired Eyes,inf
Alert Eyes,0.7031243102652993
Alert Eyes,inf
Alert Eyes,0.974447938346351
Alert Eyes,1.8472191104577624
Alert Eyes,51.60881161760806
Alert Eyes,0.749559874398671
Alert Eyes,0.37923283613502456
Alert Eyes,0.9203376799594523
Alert Eyes,0.5600620223207095
Alert Eyes,20.683141496460745
Alert Eyes,0.7962863812218038
Tired Eyes,28.406180244894916
Alert Eyes,0.932309743243728
Alert Eyes,0.8587263458137446
Alert Eyes,2.2792550958105164
Alert Eyes,1.1934054150559579
Alert Eyes,2.444634637530827
Alert Eyes,10.255850478433093
Alert Eyes,0
Alert Eyes,1.0118516022726631
Alert Eyes,34.79627837322143
Alert Eyes,1.0057812339608088
Alert Eyes,0.9946660832980857
Alert Eyes,43.19129662306815
Alert Eyes,0.8067755637165798
Alert Eyes,28.997641849695285
Alert Eyes,1.2182981683133902
Alert Eyes,0.8559046601158841
Alert Eyes,10.844796503259643
Alert Eyes,13.288663233542216
Alert Eyes,7.439156508467349
Alert Eyes,4.226748240255233
Alert Eyes,0.4176768060149208
Alert Eyes,inf
Alert Eyes,0.7449162500411779
Alert Eyes,0.7974689938303171
Alert Eyes,inf
Alert Eyes,0.6474735316181038
Tired Eyes,inf
Alert Eyes,9.590497490274979
Alert Eyes,0.6712528409677545
Alert Eyes,0.6474726333843698
Tired Eyes,5.1262463171890875
Alert Eyes,0.9634062344470147
Alert Eyes,1.1257194303748932
Alert Eyes,1.2285517794448242
Alert Eyes,0.6826490713818784
Alert Eyes,0.9727799681700541
Alert Eyes,0.7780926673828209
Alert Eyes,1.1784307114626384
Alert Eyes,0.5157321153116844
Alert Eyes,1.4464752044366476
Alert Eyes,1.7066456636839602
Alert Eyes,0.9602651492224535
Alert Eyes,19.674209947410656
Alert Eyes,14.074085988181915
Alert Eyes,1.065601463490475
Alert Eyes,7.465725110995913
Alert Eyes,1.7107415650248
Alert Eyes,0.9986945831640328
Alert Eyes,1.0274033196471308
Alert Eyes,0.9241312208749672
Alert Eyes,0.8460951741702492
Tired Eyes,inf
Alert Eyes,inf
Alert Eyes,85.30292145430768
Alert Eyes,1.0080169272725799
Tired Eyes,0.4973080439983136
Alert Eyes,27.381172837339907
Alert Eyes,5.011653635437067
Alert Eyes,71.70869832439799
Alert Eyes,11.449929453516203
Alert Eyes,7.522735747367001
Alert Eyes,2.019678177199067
Alert Eyes,22.291810344054575
Alert Eyes,0.774048465843564
Alert Eyes,0.7208374364903212
Alert Eyes,inf
Alert Eyes,14.116200505590745
Alert Eyes,inf
Alert Eyes,31.139748512942266
Alert Eyes,15.81339799905343
Alert Eyes,33.51427603251292
Alert Eyes,21.246128105745047
Alert Eyes,inf
Alert Eyes,1.000670137068036
Alert Eyes,17.02615904370582
Tired Eyes,3.196697370591119
Alert Eyes,0.9993092890700593
Alert Eyes,57.25198250065442
Alert Eyes,0.6386868613465425
Alert Eyes,9.548373639906076
Alert Eyes,42.83710483732884
Tired Eyes,61.45837891570841
Alert Eyes,1.1375763884094061
Tired Eyes,0.45091190257239194
Alert Eyes,1.0385958429686482
Alert Eyes,0.7127431368802127
Alert Eyes,10.229345717641293
Alert Eyes,inf
Tired Eyes,80.2473997425851
Alert Eyes,46.280180422115855
Alert Eyes,90.6648538741924
Alert Eyes,54.968108587344915
Alert Eyes,inf
Alert Eyes,20.105090495086433
Alert Eyes,27.099819598825228
Alert Eyes,23.763671043205505
Alert Eyes,0.9801372477325637
Alert Eyes,1.3167291568469452
Alert Eyes,1.8993431915126884
Alert Eyes,0.728312808583652
Alert Eyes,0.5755031302782885
Alert Eyes,0.7794748078360807
Alert Eyes,0.6551316996657468
Tired Eyes,10.537719356568578
Alert Eyes,5.944050205188899
Alert Eyes,16.71922328502392
Alert Eyes,16.361317569707477
Alert Eyes,0.5448009323144167
Alert Eyes,0.6955572211322301
Tired Eyes,0.9752984540216882
Tired Eyes,39.456438307554656
Alert Eyes,0.982931417989528
Alert Eyes,1.0643239467027186
Alert Eyes,inf
Alert Eyes,1.253664339848048
Tired Eyes,0.614399899777303
Alert Eyes,0.7504824261946134
Alert Eyes,13.52007880932197
Alert Eyes,0.7880357844064543
Alert Eyes,0.8929418835132625
Alert Eyes,0.677757064674558
Alert Eyes,1.8749451076175283
Alert Eyes,3.5845851187507973
Tired Eyes,0.18333648721705945
Alert Eyes,0.7626058000724232
Alert Eyes,31.748540715877947
Alert Eyes,29.816382472395325
Alert Eyes,0.696473053985243
Alert Eyes,21.157431941061965
Alert Eyes,1.036805304173051
Alert Eyes,10.554592671415922
Alert Eyes,28.581777344348964
Alert Eyes,0.963272123027618
Tired Eyes,1.0445975368693474
Alert Eyes,1.3918989987605834
Alert Eyes,115.03969081011583
Alert Eyes,0.8552286622723759
Alert Eyes,32.84143904575682
Alert Eyes,1.1013217631282868
Alert Eyes,0.8542495839894377
Tired Eyes,0.8394340077589898
Alert Eyes,10.513758466947808
Alert Eyes,14.90474649582756
Alert Eyes,45.855400762759274
Alert Eyes,0.8648216749027747
Alert Eyes,0.6779275584211903
Alert Eyes,0
Alert Eyes,0.5185912098448748
Alert Eyes,0.9327451400206827
Alert Eyes,0.8301087103319823
Alert Eyes,inf
Tired Eyes,0.5020051088737794
Alert Eyes,0.7277183472099035
Alert Eyes,0.8382264599868493
Alert Eyes,42.859864067284114
Tired Eyes,0.7936600319825535
Tired Eyes,0
Alert Eyes,0.8552114014956019
Alert Eyes,1.2135461794309883
Alert Eyes,3.154683298063395
Alert Eyes,0.30320763450989885
Alert Eyes,23.555378808870966
Alert Eyes,1.0002332757895265
Alert Eyes,0.5099439711789586
Alert Eyes,0
Alert Eyes,0
Alert Eyes,0.8310115192641074
Alert Eyes,1.4793032919476912
Alert Eyes,0
Alert Eyes,0.6595206544477114
Alert Eyes,inf
Alert Eyes,20.641136166977212
Alert Eyes,1.61821319537707
Alert Eyes,1.7603180652128056
Tired Eyes,42.67855317720972
Alert Eyes,0.8375830090320872
Alert Eyes,0
Alert Eyes,1.2631008168803224
Alert Eyes,1.0264841208686222
Alert Eyes,89.58777769703585
Alert Eyes,0.9715362501482202
Alert Eyes,0.9582605798196335
Alert Eyes,1.067470375156484
Alert Eyes,0.9755769141461738
Alert Eyes,1.2001303008338646
Alert Eyes,1.2986181538952681
Alert Eyes,2.2414411534415732
Alert Eyes,1.3205329136970636
Alert Eyes,1.2608073625840515
Alert Eyes,1.726260305055633
Alert Eyes,0.9671365413357543
Alert Eyes,18.809050817396518
Alert Eyes,55.37624376906287
Alert Eyes,0
Alert Eyes,86.91190859839858
Alert Eyes,inf
Alert Eyes,1.3769590227273014
Alert Eyes,0.8779158700402974
Tired Eyes,0.4916631305025778
Tired Eyes,0.03311825985134678
Tired Eyes,0.5225923973191637
Alert Eyes,0.8540673517765832
Alert Eyes,22.969410177337377
Alert Eyes,1.368587732054527
Alert Eyes,0.6826292914913598
Alert Eyes,1.0354258193853605
Tired Eyes,inf
Tired Eyes,0.7598730214865657
Alert Eyes,0.9895438331076433
Alert Eyes,13.64397099773168
Alert Eyes,6.179745847180112
Alert Eyes,1.1493683948268756
Alert Eyes,0.9862289149458174
Alert Eyes,0.5
Alert Eyes,1.0137267101174103
Alert Eyes,40.84028427413929
Alert Eyes,0.9063298989400435
Alert Eyes,0.7404730866654509
Alert Eyes,7.342475840966794
Alert Eyes,1.0059425198308762
Alert Eyes,0
Alert Eyes,0.39350589294844784
Alert Eyes,11.793670407179883
Alert Eyes,39.18767087619533
Tired Eyes,20.661036957325216
Alert Eyes,128.20710678118655
Alert Eyes,40.80396490521313
Alert Eyes,2.598082366521234
Alert Eyes,2.763281420022859
Alert Eyes,1.2319060878991623
Alert Eyes,0.4797218679990405
Alert Eyes,0
Alert Eyes,1.4328268018979153
Alert Eyes,0.5538925378324016
Alert Eyes,0.5455631619782669
Alert Eyes,0.8164322103737327
Alert Eyes,1.529814868715794
Alert Eyes,5.011685740839269
Alert Eyes,0.8404434354935167
Tired Eyes,0.36793083229403883
Alert Eyes,0.5094888597836177
Alert Eyes,inf
Alert Eyes,0.7875406704137715
Alert Eyes,0.8231173078696824
Alert Eyes,0.83840195648063
Alert Eyes,0.7580506056352725
Alert Eyes,56.329172902138595
Alert Eyes,0.7880419032205563
Alert Eyes,0.8258335264251793
Alert Eyes,4.737777924679952
Alert Eyes,0.6366390039051111
Alert Eyes,1.696246079472953
Alert Eyes,1.1994152788948957
Alert Eyes,0
Alert Eyes,0
Alert Eyes,1.1437416231400375
Alert Eyes,0
Alert Eyes,13.934153922225802
Alert Eyes,1.0664282201251136
Alert Eyes,1.1203096806450574
Alert Eyes,9.307084142926705
Alert Eyes,2.886784449836339
Alert Eyes,4.5496964137188805
Alert Eyes,0.9398941441690347
Alert Eyes,0.9554779725875076
Alert Eyes,1.0053765980733915
Alert Eyes,0.5312236115355152
Alert Eyes,1.0205190759888818
Alert Eyes,1.2158123617596936
Alert Eyes,0
Alert Eyes,16.958646704157896
Alert Eyes,0.7816294094771575
Alert Eyes,inf
Alert Eyes,1.0400888242353161
Alert Eyes,0
Tired Eyes,0.636389269520483
Alert Eyes,3.726732011975099
Alert Eyes,37.321889054322796
Alert Eyes,1.0519925989870569
Alert Eyes,2.769049196950746
Alert Eyes,0.6879438484385108
Alert Eyes,0.877873789923695
Alert Eyes,0.9931904530814704
Alert Eyes,0.752248903921397
Alert Eyes,0.8929341483693618
Alert Eyes,7.876039945101728
Alert Eyes,0.8112346337406691
Alert Eyes,0
Tired Eyes,0.6894707328069102
Alert Eyes,33.21025875354526
Alert Eyes,1.109742429362606
Alert Eyes,0.8200954428242081
Alert Eyes,0.9126745763621614
Alert Eyes,0.8363871144353086
Alert Eyes,1.0245341527277418
Alert Eyes,14.745279812409708
Alert Eyes,0.8924016244391424
Alert Eyes,0.6618122968196257
Alert Eyes,0.568608671556279
Alert Eyes,0.6492475782062399
Alert Eyes,15.543953045930968
Alert Eyes,3.383368124413744
Alert Eyes,11.862973428278258
Alert Eyes,0.6777976744065579
Alert Eyes,5.662225789805088
Alert Eyes,1.0476331119703046
Alert Eyes,0.9374687831787591
Alert Eyes,0.8773745299759614
Alert Eyes,4.23146109911716
Alert Eyes,2.622342336690673
Alert Eyes,3.001888413663001
Alert Eyes,1.0803643002522314
Alert Eyes,18.266865668422145
Alert Eyes,2.1846478321858513
Alert Eyes,0
Tired Eyes,0.07390640892078762
Tired Eyes,3.84384916554149
Alert Eyes,64.53033976109687
Alert Eyes,11.198573274426076
Alert Eyes,0.868036097289964
Alert Eyes,1.0
Tired Eyes,0.4192660888381882
Alert Eyes,inf
Alert Eyes,1.0606601717798212
Alert Eyes,inf
Alert Eyes,0.997040449477343
Alert Eyes,0
Alert Eyes,2.272771627525094
Alert Eyes,0
Alert Eyes,1.1718292482622445
Alert Eyes,0
Alert Eyes,1.6570861502754175
Alert Eyes,4.348854523123283
Alert Eyes,7.845188984002474
Alert Eyes,1.3975895323329848
Alert Eyes,2.2679566195216867
Alert Eyes,0.7287086168709169
Alert Eyes,0.6234912532629795
Alert Eyes,0.8703384850138424
Alert Eyes,0
Tired Eyes,2.0180953395012757
Alert Eyes,0.4257477144276023
Tired Eyes,0.6058170766083696
Alert Eyes,0.8012408239398686
Tired Eyes,0.48263587932439
Alert Eyes,23.47900750067906
Alert Eyes,4.339965951860472
Tired Eyes,0.7973098207702233
Alert Eyes,127.8746357156164
Alert Eyes,1.0744189996815745
Alert Eyes,inf
Alert Eyes,0.8827814623394018
Alert Eyes,0.7569943367882841
Alert Eyes,0.6506763142672022
Alert Eyes,16.349384557971007
Alert Eyes,0.6853504734178066
Alert Eyes,0
Alert Eyes,1.0990990583862235
Alert Eyes,17.12309463643817
Alert Eyes,1.0103449445007688
Alert Eyes,0.9302826086649955
Alert Eyes,1.1067859553047332
Alert Eyes,8.568613808793796
Alert Eyes,0
Alert Eyes,1.0327795695466642
Alert Eyes,179.0496355857941
Alert Eyes,0.6967611824684402
Alert Eyes,34.644520861117364
Alert Eyes,0.6815388123523469
Alert Eyes,1.9357409970806774
Alert Eyes,4.137234463369848
Alert Eyes,64.89099993130444
Alert Eyes,81.66338465714519
Alert Eyes,4.750824052562485
Alert Eyes,0
Alert Eyes,62.26764656794345
Alert Eyes,179.07496667131502
Alert Eyes,inf
Alert Eyes,0.8639913204418437
Alert Eyes,0.7220014697474514
Alert Eyes,90.0700161156488
Alert Eyes,inf
Tired Eyes,0.5387234039682888
Tired Eyes,0.5473899489463129
Alert Eyes,0.8735837256179301
Alert Eyes,45.516061036865786
Alert Eyes,4.908849178895406
Alert Eyes,0.4211056560861072
Alert Eyes,0.9664063313572773
Tired Eyes,0.22360679774997896
Alert Eyes,inf
Alert Eyes,0.5033670641481418
Alert Eyes,1.6503088688432448
Alert Eyes,5.044000297733011
Alert Eyes,0
Alert Eyes,18.91714918298127
Alert Eyes,1.9226475092515787
Tired Eyes,15.683993197856994
Alert Eyes,27.049828364103725
Tired Eyes,73.3610350959629
Alert Eyes,53.957085992039445
Alert Eyes,0.8575566842093743
Alert Eyes,1.3173735912801163
Alert Eyes,0.8319553016992767
Alert Eyes,0.9278612653395064
Alert Eyes,0.818020566174016
Alert Eyes,0.8870964167257218
Tired Eyes,1.0984601986900624
Alert Eyes,0.5005064772556184
Alert Eyes,0.8536892808581718
Alert Eyes,0
Alert Eyes,0
Alert Eyes,4.915332661630958
Tired Eyes,17.278407549908806
Alert Eyes,29.146874622826825
Tired Eyes,11.36448832112893
Alert Eyes,9.519365231603947
Alert Eyes,0
Alert Eyes,1.0030001784267
Alert Eyes,0.9198229034580807
Alert Eyes,9.339085359057101
Tired Eyes,77.52227593437708
Tired Eyes,0
Alert Eyes,1.3453801600660753
Alert Eyes,0.8439672351132157
Alert Eyes,85.68779034260932
Alert Eyes,1.082454061989874
Alert Eyes,1.3283050879096505
Alert Eyes,inf
Alert Eyes,0.8262953456494513
Tired Eyes,0.23088609272467472
Alert Eyes,0.48798605674809625
Alert Eyes,0.9677698138440355
Alert Eyes,0.4137507740724612
Alert Eyes,0.890247683393584
Alert Eyes,0.9970616259348188
Alert Eyes,2.058937180790318
Alert Eyes,1.4128175514031802
Alert Eyes,0.9960258800611298
Alert Eyes,1.0161247403947269
Alert Eyes,0.8608480509100056
Alert Eyes,3.679337825506274
Alert Eyes,1.388851013964957
Alert Eyes,1.1361665700429977
Alert Eyes,0
Alert Eyes,0.8903368366761348
Alert Eyes,1.5345191005109213
Tired Eyes,0.9567638853651904
Alert Eyes,1.1021607609956308
Alert Eyes,0.8938883989053654
Alert Eyes,0.5910841523649083
Tired Eyes,0.621083026218072
Alert Eyes,0.5680512866658475
Alert Eyes,1.2142103933129544
Alert Eyes,0
Tired Eyes,0.46783659987406057
Alert Eyes,8.4730046096852
Alert Eyes,4.625694688439157
Alert Eyes,3.9039850011085213
Alert Eyes,12.991652047556085
Alert Eyes,0.7404064387976197
Alert Eyes,0.5182322133519132
Alert Eyes,2.345129290998707
Alert Eyes,0
Tired Eyes,1.049364377281678
Alert Eyes,0.9069322534325536
Alert Eyes,0.9224486527411274
Alert Eyes,1.3458985608774876
Alert Eyes,0.9754432613255732
Alert Eyes,17.262231236575598
Alert Eyes,0.3163296593306475
Alert Eyes,0.6012323019354074
Alert Eyes,11.745589009792766
Alert Eyes,inf
Alert Eyes,0.9576765843086004
Alert Eyes,1.3739717374200553
Alert Eyes,1.0572167902882408
Alert Eyes,0.8309555013836776
Alert Eyes,1.161211905879825
Alert Eyes,0
Alert Eyes,1.6298799772946768
Alert Eyes,0.8805996023132808
Alert Eyes,0.8079095904097904
Alert Eyes,1.0578971402145536
Alert Eyes,0.9892999857519497
Alert Eyes,0
Alert Eyes,1.128464125602411
Alert Eyes,1.1069253452582346
Alert Eyes,13.95599731260401
Alert Eyes,0.651477107647789
Alert Eyes,1.4113749419543784
Alert Eyes,0.935571900022589
Alert Eyes,inf
Alert Eyes,0
Alert Eyes,10.753360815640955
Alert Eyes,0
Alert Eyes,inf
Alert Eyes,1.106667982892041
Alert Eyes,28.228110662757917
Alert Eyes,1.2782869292083336
Alert Eyes,26.31710746759593
Tired Eyes,0.5761302601269024
Alert Eyes,18.56604867332507
Alert Eyes,0.9330051022698946
Alert Eyes,43.03724995955594
Alert Eyes,inf
Alert Eyes,0.7485143275219535
Alert Eyes,0.9262058392133353
Alert Eyes,32.791625522093454
Alert Eyes,1.0562200485269195
Alert Eyes,0.6303332595916219
Alert Eyes,2.0134446034871862
Tired Eyes,0.8007674208613071
Alert Eyes,1.3212885288443137
Alert Eyes,39.88096021804072
Alert Eyes,0.8574054470672055
Tired Eyes,6.725534455196136
Alert Eyes,0.49075856292835995
Alert Eyes,0.5103574062719549
Alert Eyes,1.0097604148487322
Alert Eyes,0.5521567646192357
Alert Eyes,0
Alert Eyes,0.7043777743595888
Alert Eyes,0.7342855486489448
Alert Eyes,1.9145289680449424
Alert Eyes,0.884128119931841
Alert Eyes,0
Alert Eyes,127.76827449609416
Alert Eyes,110.32887858476188
Alert Eyes,1.3686508445924088
Alert Eyes,36.0690376934544
Alert Eyes,0.7209000942051061
Alert Eyes,1.1029125855097628
Alert Eyes,0.8583178590021983
Alert Eyes,2.261168490856749
Alert Eyes,0.8557484183274063
Alert Eyes,0
Alert Eyes,11.565251967617787
Alert Eyes,0.7378941893529776
Alert Eyes,0
Alert Eyes,0.40328219289413914
Alert Eyes,45.8434552855306
Alert Eyes,9.438022233600753
Alert Eyes,0
Alert Eyes,0.6612716542153775
Alert Eyes,0.8732763003798532
Alert Eyes,0.7961302244595462
Alert Eyes,1.3789296653044616
Alert Eyes,3.328202211046633
Alert Eyes,0.9729824082461267
Tired Eyes,0.52959554628117
Alert Eyes,0.5087971674212564
Tired Eyes,0.428102335147916
Alert Eyes,0.7478252222477314
Alert Eyes,1.1707139792183643
Alert Eyes,0.747325657083429
Alert Eyes,0.9291531829181944
Alert Eyes,1.5164225923935164
Alert Eyes,2.3370534881622063
Alert Eyes,0.8997483435201536
Alert Eyes,1.6334579593515783
Alert Eyes,0.8126696900693329
Alert Eyes,4.5884211072268535
Alert Eyes,1.3567521496256136
Alert Eyes,10.318034657779977
Alert Eyes,7.90693088225556
Alert Eyes,5.028122414540103
Alert Eyes,51.76090916403546
Alert Eyes,1.60072235874571
Alert Eyes,4.387357694720701
Alert Eyes,0.755983509896262
Alert Eyes,1.1803920688522915
Alert Eyes,1.1308028454799244
Tired Eyes,0.8675517070547373
Alert Eyes,1.046353304002213
Alert Eyes,1.1909105459191132
Alert Eyes,1.087807020599105
Alert Eyes,0.9922076799010382
Tired Eyes,180.33335867930654
Alert Eyes,19.811595094102234
Alert Eyes,1.0923806022846232
Alert Eyes,1.0070049861763348
Alert Eyes,0.9930604903507395
Alert Eyes,36.689405415540485
Alert Eyes,2.55118241899373
Alert Eyes,0.8039664467527448
Alert Eyes,0
Alert Eyes,0.9715588211531779
Alert Eyes,28.91730945666404
Alert Eyes,28.92395764790021
Alert Eyes,0.8972881375777902
Alert Eyes,0.9447139427330931
Alert Eyes,0.43601521439874147
Alert Eyes,36.69710214300823
Alert Eyes,0.8715997992700133
Alert Eyes,1.428130055873268
Alert Eyes,0.6413266416257483
Alert Eyes,0.6837111785739596
Tired Eyes,0.23861702324747353
Alert Eyes,2.271575921011771
Alert Eyes,10.510538595547837
Alert Eyes,4.675705341547438
Alert Eyes,89.46044362725189
Alert Eyes,21.575466607104683
Alert Eyes,1.3319000564304788
Alert Eyes,20.064244914596358
Alert Eyes,8.671528950359969
Alert Eyes,1.0132327959221752
Alert Eyes,7.470403147608788
Alert Eyes,0.7407646362537973
Alert Eyes,2.096271248671076
Alert Eyes,5.524401735788865
Alert Eyes,0.7327543629805705
Alert Eyes,0.8734445799643223
Alert Eyes,1.9999499452176963
Alert Eyes,0.8561768307579886
Alert Eyes,0.6688877512511503
Tired Eyes,0.4734217597821874
Alert Eyes,55.19112435781977
Alert Eyes,77.45232202842156
Alert Eyes,nan
Alert Eyes,0.6611708067091676
Alert Eyes,39.39198540404511
Alert Eyes,1.428355697996826
Alert Eyes,12.849862463364621
Alert Eyes,3.8400599694330677
Alert Eyes,0.36019282522272206
Alert Eyes,0
Alert Eyes,0
Alert Eyes,0.4953867209556976
Alert Eyes,12.376505055307481
Alert Eyes,6.156767355603129
Alert Eyes,0.9074715889076684
Alert Eyes,7.981296712968572
Alert Eyes,358.8570387537931
Alert Eyes,0.5
Alert Eyes,0.6362175332839829
Alert Eyes,inf
Alert Eyes,1.4165196391083552
Alert Eyes,1.0445736114604867
Alert Eyes,0
Alert Eyes,1.1703654886110775
Alert Eyes,0
Alert Eyes,1.5397399289704456
Alert Eyes,24.31973310832407
Tired Eyes,0.1579769745764364
Alert Eyes,0.9880770573607316
Alert Eyes,0.866509113018151
Alert Eyes,0.9191850929558024
Alert Eyes,1.3006464925216517
Alert Eyes,0.6036361762952451
Tired Eyes,0.02096927885250381
Alert Eyes,3.037963826822972
Alert Eyes,0.5980096184305004
Alert Eyes,0.4778738446118304
Alert Eyes,1.2448378788108014
Tired Eyes,0.5994748572716105
Alert Eyes,0.5680924231014042
Alert Eyes,1.1696182619390798
Alert Eyes,1.6360272531308748
Alert Eyes,inf
Alert Eyes,1.981969476249315
Alert Eyes,1.5637500327381082
Alert Eyes,0.7980710411589116
Alert Eyes,1.4410149975157245
Alert Eyes,inf
Alert Eyes,0.8576049990898276
Alert Eyes,0.9437640393802202
Alert Eyes,0.8871621156547196
Alert Eyes,0.9453401353763236
Alert Eyes,0.880424157746168
Alert Eyes,0.6967179340714637
Alert Eyes,0.9995687054809026
Tired Eyes,0.5406922401523797
Alert Eyes,0.4658707487738658
Alert Eyes,0.6338137774393577
Alert Eyes,1.0636993549856657
Alert Eyes,28.824054684091
Alert Eyes,126.75223460007219
Alert Eyes,0
Alert Eyes,0.9931170500299539
Alert Eyes,0
Alert Eyes,0.9931170500299539
Alert Eyes,0
Alert Eyes,0.9769977848108882
Alert Eyes,0
Alert Eyes,43.08142729068228
Alert Eyes,0
Alert Eyes,13.412873710249615
Alert Eyes,0.8657951229298504
Alert Eyes,0
Alert Eyes,0
Alert Eyes,0.46757764255176953
Alert Eyes,0.9959940571601071
Alert Eyes,inf
Alert Eyes,16.32729579476737
Alert Eyes,14.143205760498835
Alert Eyes,2.4499204466984583
Tired Eyes,0.6843913735367587
Alert Eyes,1.2062264813364998
Alert Eyes,0.7366708320654546
Alert Eyes,1.2630432406264744
Alert Eyes,0.5225077789927389
Alert Eyes,10.707522770851334
Tired Eyes,0.5649513344134727
Alert Eyes,0.7098975108619786
Alert Eyes,88.30110993475151
Alert Eyes,1.9951298560616468
Alert Eyes,3.966777501370115
Alert Eyes,0.8099070414486461
Alert Eyes,1.468287637107796
Alert Eyes,0.9950328348790561
Alert Eyes,0.7092479177126527
Alert Eyes,0.9891833606553906
Alert Eyes,0.8298771562294339
Alert Eyes,0.8571943081942279
Alert Eyes,0.8571943081942279
Alert Eyes,1.0049731296309392
Alert Eyes,29.193873301788763
Alert Eyes,0.7043521040776344
Alert Eyes,0.8832884358548361
Alert Eyes,5.6609839494232554
Alert Eyes,nan
Alert Eyes,inf
Tired Eyes,0.41767017352164365
Tired Eyes,3.3996855957698675
Alert Eyes,15.520200520024138
Tired Eyes,0.2137772361953147
Alert Eyes,0.7202190985826116
Alert Eyes,0.8091075089594236
Alert Eyes,1.0450535261976077
Alert Eyes,0.7567187686146152
Alert Eyes,1.0498197276713632
Alert Eyes,5.888845178713176
Tired Eyes,1.3159834317219443
Alert Eyes,1.0800635920873167
Alert Eyes,0.977925374618963
Tired Eyes,1.5849956476586569
Alert Eyes,1.8272146994517313
Alert Eyes,0.8441466438319811
Alert Eyes,1.2978791539259849
Alert Eyes,5.818392312645144
Alert Eyes,0.8966590868249303
Tired Eyes,11.684330882965476
Alert Eyes,0.9916970876654411
Alert Eyes,14.90825664892678
Alert Eyes,23.833485403333885
Alert Eyes,0.7606072518347468
Alert Eyes,2.069366249993626
Tired Eyes,0.29819884259205365
Tired Eyes,0.7081386139506881
Alert Eyes,1.05857395869028
Alert Eyes,5.151820416585055
Alert Eyes,1.4817525280323391
Alert Eyes,32.445114205623035
Alert Eyes,16.122017428548336
Alert Eyes,0
Alert Eyes,inf
Alert Eyes,4.186470664959641
Alert Eyes,0.7247927100686281
Alert Eyes,1.4762898583159312
Alert Eyes,0.8285986185917309
Tired Eyes,nan
Alert Eyes,inf
Alert Eyes,13.439467006572675
Alert Eyes,1.5336413694518065
Alert Eyes,1.1630439938452943
Alert Eyes,0
Alert Eyes,2.448006559189826
Alert Eyes,0
Alert Eyes,2.494465450451153
Alert Eyes,1.3594097274995074
Alert Eyes,1.779999351070887
Alert Eyes,1.2264604890940505
Alert Eyes,1.0185376160546626
Alert Eyes,1.0997663566716318
Alert Eyes,0.9929927641353307
Alert Eyes,0.9929927641353307
Alert Eyes,1.0697171146289457
Alert Eyes,1.9325662831414185
Alert Eyes,1.083752167887186
Alert Eyes,0.9835617355823933
Alert Eyes,4.344253390386642
Alert Eyes,0.819524857147975
Alert Eyes,19.250006010760902
Alert Eyes,24.945958667223522
Alert Eyes,0.9656697302461754
Alert Eyes,23.42902699113237
Alert Eyes,0.9366328950458815
Alert Eyes,2.143797464817152
Alert Eyes,inf
Alert Eyes,0
Alert Eyes,inf
Alert Eyes,1.005069819792929
Alert Eyes,1.1259586311959897
Alert Eyes,0.9598448986475425
Alert Eyes,0.9209948116944474
Alert Eyes,0.7285076742221025
Alert Eyes,0.834144751611303
Alert Eyes,0.7301870400513558
Alert Eyes,0.7985972536282597
Alert Eyes,0.7461752021030819
Alert Eyes,0.8671293523040581
Alert Eyes,0.8356867060603875
Alert Eyes,13.461422525940787
Alert Eyes,1.0061564725607661
Alert Eyes,0.9616705668230727
Alert Eyes,1.2693463471946593
Alert Eyes,1.338557031848092
Alert Eyes,1.7562601016790218
Alert Eyes,0.9939819627763877
Alert Eyes,1.1027733314876806
Alert Eyes,1.0905090984523993
Alert Eyes,1.464668564529059
Alert Eyes,0.8800050409233215
Alert Eyes,12.828799567472199
Alert Eyes,1.0159124754723154
Alert Eyes,8.170937665318483
Alert Eyes,1.216970483243619
Alert Eyes,0
Alert Eyes,0.8051161532532705
Alert Eyes,1.1884113826324758
Alert Eyes,1.798212175606907
Alert Eyes,0.9156302377816288
Alert Eyes,16.98331689998248
Alert Eyes,0.9949454249175451
Alert Eyes,1.082414855843795
Alert Eyes,0.9033332821390564
Alert Eyes,0.9203596995898884
Alert Eyes,0
Alert Eyes,inf
Alert Eyes,nan
Alert Eyes,28.884834862440144
Alert Eyes,0.638347055120388
Alert Eyes,0.6971375657196056
Alert Eyes,0.6996166168072563
Alert Eyes,1.1234682848200457
Alert Eyes,1.010960913566825
Alert Eyes,2.203034588113383
Alert Eyes,16.60547510630939
Alert Eyes,16.461856242874966
Alert Eyes,1.0837187524842773
Alert Eyes,0.6696873696565772
Alert Eyes,inf
Alert Eyes,1.2123488350591543
Alert Eyes,1.2381164807079585
Alert Eyes,1.8045540300011074
Alert Eyes,78.223735690731
Alert Eyes,1.3228263247146066
Alert Eyes,0.9976927113845993
Alert Eyes,0.7301945704428043
Alert Eyes,0.8438950741807139
Alert Eyes,1.4100513261943761
Tired Eyes,0.704764773327919
Alert Eyes,1.2778061492859214
Alert Eyes,2.2125310074599476
Alert Eyes,1.3028434045664454
Alert Eyes,0.810466986047877
Alert Eyes,1.5311844944159259
Alert Eyes,0.8067767752380393
Alert Eyes,1.3104023201115826
Alert Eyes,9.26758449180883
Alert Eyes,1.359019715200721
Alert Eyes,0.9310632059923578
Alert Eyes,0.504326475905081
Alert Eyes,0.9432629202443085
Alert Eyes,inf
Alert Eyes,0.765353518410924
Alert Eyes,1.5954055477118272
Alert Eyes,1.0583897892131298
Alert Eyes,0.9331696028386681
Alert Eyes,1.0169590122922838
Alert Eyes,1.005405171627466
Tired Eyes,0.9508837148625933
Alert Eyes,0.9931382255863129
Alert Eyes,inf
Tired Eyes,inf
Alert Eyes,inf
Alert Eyes,5.716785439008598
Alert Eyes,14.19318239200466
Alert Eyes,1.2347334712698024
Tired Eyes,0.7335203877251568
Alert Eyes,16.28427909633964
Tired Eyes,117.13706661610661
Alert Eyes,0.8113666047021925
Alert Eyes,1.1321962368187497
Alert Eyes,1.0360416935879462
Alert Eyes,0.9005054312445142
Alert Eyes,0.8555815493120724
Alert Eyes,0.8399721084121798
Alert Eyes,0.8756685687717454
Alert Eyes,0.5231871995282319
Alert Eyes,0.9920656316997396
Alert Eyes,1.5159894007816714
Alert Eyes,0
Alert Eyes,19.804672087923773
Alert Eyes,11.569147591423587
Alert Eyes,1.2405620485117779
Alert Eyes,0.9500221985634764
Alert Eyes,1.0119618347654113
Alert Eyes,0
Alert Eyes,1.4047310934893364
Alert Eyes,0.8952485218966366
Alert Eyes,0.6676424152482501
Alert Eyes,0
Alert Eyes,1.0352658561431938
Alert Eyes,11.666384256674123
Alert Eyes,1.0310162707988206
Alert Eyes,0.9794940720838006
Alert Eyes,0.49728953152197974
Alert Eyes,0
Alert Eyes,7.164102615605636
Alert Eyes,0.8325036061114992
Alert Eyes,0.7314697799589617
Alert Eyes,0.5192037360122529
Alert Eyes,13.810429018215885
Alert Eyes,inf
Alert Eyes,inf
Alert Eyes,0.9621509032620891
Alert Eyes,20.37806979545334
Tired Eyes,12.15771205075395
Alert Eyes,0.7435615058601441
Tired Eyes,0.5512688450846055
Alert Eyes,0.8240420829126546
Alert Eyes,0.619934636591199
Alert Eyes,1.1284728154460422
Alert Eyes,20.866339601585604
Alert Eyes,0.8265085338142558
Alert Eyes,0
Alert Eyes,1.1427071854342394
Alert Eyes,0.9811838476452293
Alert Eyes,0
Alert Eyes,29.49380318114945
Alert Eyes,0.9995103025940235
Tired Eyes,0.5941569116232889
Alert Eyes,inf
Alert Eyes,12.407880799872059
Alert Eyes,3.424203105293581
Alert Eyes,0.651751471869918
Alert Eyes,4.2460994010652
Tired Eyes,0.6944880713952819
Alert Eyes,1.1034799429499422
Alert Eyes,1.1034799429499422
Alert Eyes,1.105988596272215
Alert Eyes,1.1041759529171977
Alert Eyes,0.5249384582754958
Tired Eyes,0.040209729939201785
Tired Eyes,0.322438284886208
Alert Eyes,0.885740639827216
Alert Eyes,0.6982010381334818
Alert Eyes,0.3182890189432099
Alert Eyes,0.5139400294209271
Alert Eyes,18.992916755687453
Alert Eyes,1.4252098065416834
Alert Eyes,20.920589286223528
Alert Eyes,7.31197533576451
Alert Eyes,14.327906268312285
Alert Eyes,1.1568504919352813
Alert Eyes,0.887657613012841
Alert Eyes,inf
Alert Eyes,55.1176487282897
Alert Eyes,17.006789745012522
Alert Eyes,1.0019469276620758
Alert Eyes,0.7660314355170271
Alert Eyes,0.7460024058913393
Tired Eyes,0.14918736222735288
Alert Eyes,58.048903395060684
Tired Eyes,0.2208630521496931
Alert Eyes,inf
Alert Eyes,1.2481621065344626
Alert Eyes,0.984603832710717
Alert Eyes,1.1036916139730433
Alert Eyes,0.5790217646904656
Alert Eyes,0.9596912560457147
Alert Eyes,1.2928816783868704
Alert Eyes,1.0111605265388686
Alert Eyes,1.158642661049032
Alert Eyes,0.7730578703276443
Alert Eyes,22.806742722944723
Alert Eyes,0.36726017377009235
Alert Eyes,0.7185975693533452
Alert Eyes,0.9302792575399685
Alert Eyes,0.8313444058271735
Alert Eyes,1.444867518297404
Alert Eyes,0.8459530589502028
Alert Eyes,0.8993152348919546
Alert Eyes,0.707486045741229
Alert Eyes,nan
Alert Eyes,0.6571114797683814
Alert Eyes,0.7447230027230265
Alert Eyes,0
Alert Eyes,0.9553484688725422
Alert Eyes,0
Alert Eyes,8.878948292486703
Alert Eyes,0.9274105933170331
Alert Eyes,13.792250803039732
Alert Eyes,0.7141179367475715
Alert Eyes,inf
Alert Eyes,1.0143768125368486
Alert Eyes,0.86723638280523
Alert Eyes,0.92711217824756
Alert Eyes,1.9542790460305364
Alert Eyes,9.74377060238512
Alert Eyes,0.7965494605543493
Alert Eyes,13.873306755245155
Tired Eyes,0.5382289229733074
Alert Eyes,10.398300151183474
Alert Eyes,13.214672583463734
Alert Eyes,15.221909599580066
Tired Eyes,0.006410612794188369
Alert Eyes,0.8110970772926991
Alert Eyes,2.041246652003693
Alert Eyes,16.494430482579887
Alert Eyes,1.1077562803239926
Alert Eyes,0.7441844695384423
Alert Eyes,8.610675133561491
Tired Eyes,0.25
Alert Eyes,1.0089651335007999
Alert Eyes,0.3452510339869603
Alert Eyes,0.6879540004667368
Alert Eyes,1.0010627237673155
Alert Eyes,1.0460815720938075
Alert Eyes,0
Alert Eyes,0
Alert Eyes,0
Alert Eyes,0
Alert Eyes,0
Alert Eyes,0.2893770984128008
Alert Eyes,7.052013781682019
Alert Eyes,18.29400730782162
Alert Eyes,80.56689328970724
Alert Eyes,0.8068352780503552
Alert Eyes,1.3414131775610438
Alert Eyes,0
Alert Eyes,0.7829115214105266
Alert Eyes,11.60275707037332
Alert Eyes,4.66020427234214
Alert Eyes,1.454892712084089
Alert Eyes,1.014879691332199
Alert Eyes,0
Alert Eyes,1.4844496662545876
Alert Eyes,1.6258988506389955
Alert Eyes,0.8242643914385457
Alert Eyes,1.8051589642203125
Alert Eyes,0.9475189053803179
Alert Eyes,120.29949063451267
Alert Eyes,0.840763996538222
Alert Eyes,0.968878838694908
Alert Eyes,1.0570732877073783
Alert Eyes,60.724449802543624
Alert Eyes,25.534971053120422
Alert Eyes,40.85598693091024
Alert Eyes,5.190233657691346
Tired Eyes,0.8574199814479742
Tired Eyes,0
Alert Eyes,61.29573202335889
Alert Eyes,0
Alert Eyes,31.014350808541284
Alert Eyes,0
Alert Eyes,0.9089023461808617
Alert Eyes,1.0423860177579536
Alert Eyes,1.1119462536163123
Alert Eyes,0.8179345730776266
Alert Eyes,inf
Alert Eyes,0.7112743053473998
Alert Eyes,36.77501191669044
Alert Eyes,0.7377863660974244
Alert Eyes,nan
Alert Eyes,1.116890757474645
Alert Eyes,0.7132419863440281
Alert Eyes,0.6877429065273007
Alert Eyes,21.862991597973707
Alert Eyes,inf
Alert Eyes,0
Alert Eyes,0.8722858489379178
Alert Eyes,0.9963103857229693
Alert Eyes,0.8735363081869509
Tired Eyes,0.19007338604623464
Alert Eyes,39.94683878796219
Tired Eyes,0.32551428941676397
Alert Eyes,1.5282874964849698
Alert Eyes,46.27272164354804
Alert Eyes,0
Alert Eyes,0
Alert Eyes,0
Alert Eyes,0.27944234798762724
Alert Eyes,1.2708997900902859
Alert Eyes,0.9348486680782163
Alert Eyes,0.9770249139189986
Alert Eyes,16.030728196595927
Alert Eyes,0
Alert Eyes,1.030066142283195
Alert Eyes,1.1876030596535097
Alert Eyes,0
Alert Eyes,0.917418351286137
Alert Eyes,0.770253600310178
Alert Eyes,0
Alert Eyes,65.65730336272355
Alert Eyes,0.9014602615691767
Alert Eyes,1.2510428261546667
Alert Eyes,20.287832920169897
Tired Eyes,2.736069071238501
Tired Eyes,0.6774926130250694
Alert Eyes,0.8770572440869694
Alert Eyes,1.030982145484714
Alert Eyes,0.9132869139320635
Alert Eyes,4.527462494128172
Alert Eyes,34.78647325874353
Tired Eyes,90.09613049500399
Alert Eyes,0.7277088535355175
Alert Eyes,0
Alert Eyes,1.2245140247582247
Alert Eyes,0.8990391477682782
Alert Eyes,0
Alert Eyes,10.883254487958482
Alert Eyes,0.7905075115218713
Alert Eyes,1.1930971201546263
Alert Eyes,0.6471527559177404
Alert Eyes,0.8602024624559985
Alert Eyes,45.72618429100014
Alert Eyes,0.9092893222932518
Alert Eyes,1.013705903620406
Tired Eyes,0.6313390141148467
Alert Eyes,1.046173284005705
Alert Eyes,0.7661882040513537
Alert Eyes,inf
Alert Eyes,1.0303638152215422
Alert Eyes,0.9889717552299587
Alert Eyes,1.1544098835477778
Alert Eyes,1.2116719755228622
Alert Eyes,0.6264600627879914
Alert Eyes,0.9186488177680174
Alert Eyes,1.1357300525326839
Alert Eyes,85.95934599050146
Alert Eyes,0.9651963688765137
Alert Eyes,1.9663317121518946
Alert Eyes,0.6377351731127892
Alert Eyes,1.302719164836113
Alert Eyes,0.5090641598048625
Alert Eyes,2.9693189730673963
Alert Eyes,0.9959939760220718
Alert Eyes,0.9999518112285124
Alert Eyes,0.795809316700065
Alert Eyes,0.759002874148982
Alert Eyes,1.4233247428820859
Alert Eyes,0.786279916010433
Alert Eyes,0.7855660611671782
Alert Eyes,0.5108639464737522
Alert Eyes,1.3801085718123336
Alert Eyes,0.766590702846398
Alert Eyes,37.03808089877054
Tired Eyes,4.375673427034091
Alert Eyes,1.5120066600229887
Alert Eyes,32.19111828601679
Alert Eyes,1.2099627416198944
Alert Eyes,2.0071944521691125
Alert Eyes,1.2544497881424794
Alert Eyes,0.6172865076842481
Alert Eyes,inf
Alert Eyes,0.8281686257022166
Alert Eyes,1.169319605017682
Alert Eyes,1.1887768928003675
Alert Eyes,0.3460059544879281
Alert Eyes,1.1666382656052134
Alert Eyes,0.7783719609194301
Alert Eyes,0.6047925147900163
Alert Eyes,1.015200161270765
Alert Eyes,1.467174010913683
Alert Eyes,1.2252930729208564
Alert Eyes,1.5967214107839087
Alert Eyes,0.4092462197098062
Alert Eyes,16.119550112680322
Alert Eyes,1.2301943681319307
Alert Eyes,0.6199996490793896
Alert Eyes,1.4197741079862933
Alert Eyes,1.4960621245208523
Alert Eyes,2.561410032316292
Alert Eyes,0.9510259421201095
Alert Eyes,1.020570998080547
Alert Eyes,0
Alert Eyes,0.8591012280957585
Alert Eyes,1.8594023789233534
Alert Eyes,0.7071094997719478
Alert Eyes,0.5013864838846795
Alert Eyes,82.24189228072522
Tired Eyes,1.0117192285411742
Alert Eyes,0.5033592313480644
Alert Eyes,1.102391488707595
Alert Eyes,1.057497014778689
Tired Eyes,0.7919564414600521
Tired Eyes,0.6083671126221136
Tired Eyes,0.6414905137736765
Alert Eyes,0.8250884981596046
Alert Eyes,9.503321966094418
Alert Eyes,102.00901577586988
Alert Eyes,0.8134831647491971
Alert Eyes,inf
Alert Eyes,1.7874388545888789
Alert Eyes,1.6949460507354794
Alert Eyes,0.8704287986110383
Alert Eyes,0.7522724699574374
Alert Eyes,27.39966134443432
Alert Eyes,52.54129252007652
Alert Eyes,inf
Alert Eyes,0.8867190699380323
Alert Eyes,12.524029030551873
Alert Eyes,5.57028668120697
Alert Eyes,0.8591716391663652
Tired Eyes,0.46468149553136334
Alert Eyes,46.28662122971631
Alert Eyes,53.267190563581295
Alert Eyes,17.179338147344794
Alert Eyes,1.8251359896066863
Alert Eyes,2.171230127975592
Alert Eyes,0.8075184369846775
Alert Eyes,0.7824036348265966
Alert Eyes,23.170424449411414
Alert Eyes,13.130156231794302
Alert Eyes,1.0283229451614775
Alert Eyes,0
Tired Eyes,0.998194109833042
Alert Eyes,0.6851124036240597
Alert Eyes,0.7184590177714205
Alert Eyes,0
Alert Eyes,0.6027299679088306
Tired Eyes,0.47977683087360434
Alert Eyes,0.9249962684152518
Alert Eyes,1.0742997062254183
Alert Eyes,0.9264095242467566
Alert Eyes,1.5963335591413748
Alert Eyes,1.076881186326748
Alert Eyes,3.4003775799130684
Alert Eyes,1.9124175848470837
Alert Eyes,2.1245051127560255
Alert Eyes,0.9850156286890738
Alert Eyes,0.8134297744578189
Alert Eyes,0.8557525369958394
Alert Eyes,0.5436924683827018
Alert Eyes,1.0519667402654134
Alert Eyes,inf
Alert Eyes,0.5146597601451689
Alert Eyes,4.21084547324639
Alert Eyes,1.0005733173548406
Alert Eyes,0
Alert Eyes,0.8544810311723806
Alert Eyes,0
Tired Eyes,0.7151603061514858
Alert Eyes,1.2963668342651948
Alert Eyes,0
Alert Eyes,0
Alert Eyes,0.5530898530115987
Alert Eyes,0
Alert Eyes,0.6900481795993579
Alert Eyes,0.9769963831024252
Alert Eyes,0.8892369518233592
Alert Eyes,0.8679602708685156
Alert Eyes,23.27185566644673
Alert Eyes,1.0753795633756773
Alert Eyes,13.536664261361215
Alert Eyes,1.4081728250945142
Alert Eyes,14.06201630813337
Alert Eyes,0.8183563490418523
Alert Eyes,0.7809296219152709
Alert Eyes,0.908828894520279
Alert Eyes,0
Alert Eyes,48.334863914660914
Alert Eyes,0.9296560351413468
Alert Eyes,1.0510617802691442
Alert Eyes,0.6980657524253777
Alert Eyes,1.1309628179430598
Alert Eyes,0.9681088689509914
Alert Eyes,1.6457110304559999
Alert Eyes,1.0309699327985393
Alert Eyes,46.6999498201496
Alert Eyes,12.328700576960577
Alert Eyes,127.97191862375124
Alert Eyes,8.41598819802459
Alert Eyes,0.7293533336947408
Alert Eyes,1.0056024731060642
Alert Eyes,3.277107473948489
Alert Eyes,14.085198119661078
Alert Eyes,11.98422235439202
Alert Eyes,0.6554617656912628
Alert Eyes,3.01624785250829
Alert Eyes,119.03516202920827
Alert Eyes,93.87894444941364
Alert Eyes,7.972656312199159
Tired Eyes,42.344276349732226
Alert Eyes,8.287228641047362
Alert Eyes,1.0987463829169497
Alert Eyes,0.7914332034523631
Alert Eyes,1.1340456391470324
Alert Eyes,0.9158045552302321
Alert Eyes,0.992433871220844
Alert Eyes,0.7925463279268323
Alert Eyes,0.8996656148946663
Alert Eyes,0.80316208598645
Alert Eyes,0.6654987893189483
Alert Eyes,0.8226632521799715
Alert Eyes,1.0822560332663194
Alert Eyes,0.5379538016151525
Alert Eyes,2.470740052249745
Alert Eyes,8.228800646385627
Alert Eyes,5.450308483339128
Alert Eyes,2.9092710003203073
Alert Eyes,3.921730934755159
Alert Eyes,14.857408173284073
Alert Eyes,1.4003514690362515
Alert Eyes,0.846964218961022
Alert Eyes,0.6865841586162569
Alert Eyes,0.36546580656661815
Alert Eyes,2.0521113749740643
Alert Eyes,0.7948269766107767
Alert Eyes,4.852339423741016
Alert Eyes,1.5301347070530913
Alert Eyes,inf
Alert Eyes,4.423285572674142
Alert Eyes,0.7188812645524264
Alert Eyes,2.4505541443810053
Alert Eyes,1.1346925303851016
Alert Eyes,11.5604543405984
Alert Eyes,40.48104231305787
Alert Eyes,32.62402853533509
Alert Eyes,9.516527616867863
Alert Eyes,1.0390416935676856
Alert Eyes,8.959789325584326
Alert Eyes,0.7506377480369
Alert Eyes,5.239315896687294
Alert Eyes,6.3280486071574344
Alert Eyes,0.8044866637409883
Alert Eyes,10.551648933882227
Alert Eyes,7.631572275695949
Alert Eyes,3.345903845823867
Alert Eyes,14.965485922500713
Alert Eyes,6.52169919410589
Alert Eyes,15.538233349099992
Alert Eyes,0
Tired Eyes,0.22043851674701406
Alert Eyes,0.6755529984765745
Alert Eyes,0.2582918863981475
Alert Eyes,inf
Alert Eyes,0.8798828275418795
Tired Eyes,0.8435561558142771
Alert Eyes,inf
Tired Eyes,0.32969344646024806
Alert Eyes,0.9680680245216435
Alert Eyes,0.7535119444228441
Alert Eyes,1.4348087611156537
Alert Eyes,4.447172510413444
Alert Eyes,1.5640340985487373
Alert Eyes,1.0633363245963334
Alert Eyes,1.0891378057036594
Alert Eyes,0
Alert Eyes,0.8179158994278081
Alert Eyes,1.0685180073696436
Alert Eyes,0.9013446205886445
Alert Eyes,0.6186039658782452
Alert Eyes,0.991862315943992
Alert Eyes,1.0237347693768395
Alert Eyes,0.9522080770911939
Alert Eyes,9.427251874558218
Alert Eyes,1.2073003771387714
Alert Eyes,inf
Alert Eyes,inf
Alert Eyes,1.9656458106876766
Alert Eyes,0.8362401901360575
Alert Eyes,0.8426584494523215
Alert Eyes,1.781812814381711
Alert Eyes,0.8938124361887427
Alert Eyes,1.0985773309991809
Tired Eyes,0.9460754431200488
Alert Eyes,1.0024476187834035
Alert Eyes,5.417903504870096
Alert Eyes,0
Tired Eyes,9.081939873346402
Alert Eyes,0.8966420347336129
Alert Eyes,inf
Alert Eyes,0.957903349662909
Alert Eyes,10.91208741798568
Alert Eyes,inf
Alert Eyes,7.985562852693493
Alert Eyes,33.22725975057731
Alert Eyes,inf
Alert Eyes,1.054765036661306
Alert Eyes,nan
Alert Eyes,nan
Alert Eyes,1.292591338303554
Alert Eyes,5.214684043907476
Alert Eyes,3.8053822813394795
Alert Eyes,0.8516595619640097
Tired Eyes,2.5782677442562862
Tired Eyes,0.8640551751160768
Alert Eyes,5.019520109706095
Alert Eyes,1.0172779289958884
Alert Eyes,9.140772094807165
Alert Eyes,1.3305162360568286
Alert Eyes,21.511522715429727
Alert Eyes,21.338427568846754
Alert Eyes,1.1198482116131958
Alert Eyes,0.7032936917506522
Tired Eyes,0.5112355639480458
Alert Eyes,1.3999637344589317
Alert Eyes,1.7884468121381232
Alert Eyes,1.6135206800458588
Alert Eyes,1.8290293936646362
Alert Eyes,1.6356904662202651
Tired Eyes,0.7125645180887472
Alert Eyes,0.8638596978265078
Alert Eyes,inf
Alert Eyes,0.9074310417455679
Tired Eyes,0.6614582947447659
Alert Eyes,1.321612766140615
Tired Eyes,0.5135728156419953
Alert Eyes,0.904687754932207
Alert Eyes,19.269119859612744
Alert Eyes,0.6155278454104158
Alert Eyes,1.4138442068982982
Alert Eyes,3.7185139814549943
Alert Eyes,1.5969671291661132
Alert Eyes,0.7419746931521817
Tired Eyes,0.26184667454400007
Alert Eyes,0.8737713216079659
Alert Eyes,0.9767960776528849
Alert Eyes,1.0183514590583727
Alert Eyes,0.8705804343076087
Alert Eyes,0.9045264221074751
Alert Eyes,0.808525594770037
Alert Eyes,0.9642896274624211
Alert Eyes,0.5137946966990791
Alert Eyes,10.6921195378787
Alert Eyes,0.81074458279023
Alert Eyes,0.6419652316381543
Alert Eyes,0.6419652316381543
Alert Eyes,4.211669391525007
Alert Eyes,3.8410181429155807
Alert Eyes,12.082759553599555
Alert Eyes,4.827514288260414
Alert Eyes,20.463762616706585
Alert Eyes,0.8918709392268636
Alert Eyes,0.9188503181953755
Alert Eyes,1.1166402210680813
Alert Eyes,0.8577967854495765
Alert Eyes,1.2394520037745902
Alert Eyes,0.8901140899558313
Alert Eyes,1.2083296488802238
Alert Eyes,1.0384822807561718
Alert Eyes,0.8942275014650778
Alert Eyes,1.17172530034956
Alert Eyes,1.1160158909132367
Alert Eyes,0.9734256518422124
Alert Eyes,0.7895951485011621
Alert Eyes,0.9761365306430673
Alert Eyes,5.18437072877
Alert Eyes,0.8534098790227237
Alert Eyes,0.9998728338345391
Alert Eyes,0.7418640022148885
Alert Eyes,5.470452119188564
Alert Eyes,6.179970067773438
Alert Eyes,2.88212287729947
Alert Eyes,7.105830207518037
Alert Eyes,0.8042071321442958
Alert Eyes,inf
Alert Eyes,0
Alert Eyes,0
Alert Eyes,0
Alert Eyes,0
Alert Eyes,inf
Tired Eyes,0.8409900251539061
Tired Eyes,0
Alert Eyes,1.2711395052069205
Alert Eyes,0
Alert Eyes,0
Alert Eyes,0.9020438941154202
Alert Eyes,0
Alert Eyes,1.3494880463493266
Alert Eyes,0.9330093897168517
Alert Eyes,0
Alert Eyes,1.6877888733601003
Alert Eyes,0
Alert Eyes,1.1046110193106036
Alert Eyes,2.3168842063884427
Alert Eyes,0
Alert Eyes,9.448087760045484
Alert Eyes,inf
Alert Eyes,18.94610498824088
Alert Eyes,0
Alert Eyes,0
Alert Eyes,59.92617896153032
Alert Eyes,0
Alert Eyes,0.9098364877480126
Alert Eyes,0
Alert Eyes,1.1310959319911522
Alert Eyes,inf
Alert Eyes,0.8187925303893607
Alert Eyes,0
Alert Eyes,1.0683871392052309
Alert Eyes,15.152865950540455
Alert Eyes,0.8417661326192984
Alert Eyes,0
Alert Eyes,1.2175904130610664
Alert Eyes,64.5800689486107
Alert Eyes,21.659797686937413
Alert Eyes,0
Alert Eyes,1.1204353468452026
Alert Eyes,45.64452432461188
Alert Eyes,72.34274324129142
Alert Eyes,0.7420062240118732
Alert Eyes,1.4563069337224503
Alert Eyes,1.4161906089143759
Alert Eyes,0
Alert Eyes,0.9746045477030192
Alert Eyes,0
Alert Eyes,1.0965907554526495
Alert Eyes,0
Alert Eyes,1.1827592319698532
Alert Eyes,0
Alert Eyes,1.0190524306880324
Alert Eyes,0.8232201226172317
Alert Eyes,0.8837649998053347
Alert Eyes,0.947188636194811
Alert Eyes,0
Alert Eyes,77.33550363346465
Alert Eyes,77.25669660166237
Alert Eyes,1.3399607952031958
Alert Eyes,1.0492626702974959
Alert Eyes,1.2846055613071068
Alert Eyes,0
Alert Eyes,0.9692795000474137
Alert Eyes,0.8701834591990762
Alert Eyes,0.8437441015748006
Alert Eyes,32.59082375024793
Alert Eyes,1.1625977945436787
Alert Eyes,1.007187633540989
Tired Eyes,1.1904843653236357
Alert Eyes,1.0026765577306684
Alert Eyes,0.9845054507317208
Alert Eyes,0.6568623463252204
Alert Eyes,0.9926997422473565
Alert Eyes,0
Tired Eyes,0.872386926481895
Alert Eyes,0.9951972047878738
Alert Eyes,0
Alert Eyes,0
Alert Eyes,0.8388913512250032
Alert Eyes,0
Alert Eyes,3.683926743574595
Alert Eyes,0.9537206494436579
Alert Eyes,0
Alert Eyes,0.7424353123612792
Alert Eyes,46.22802529107886
Alert Eyes,0.9783956899386506
Alert Eyes,0.5649564393899673
Alert Eyes,inf
Alert Eyes,0
Alert Eyes,0.8090834601396226
Alert Eyes,0.746882888168792
Alert Eyes,0.936670861358194
Alert Eyes,1.152010702298381
Alert Eyes,1.0019433729169795
Alert Eyes,0.9396760716951194
Alert Eyes,1.3385400023021956
Alert Eyes,0.929153813919094
Alert Eyes,0.995080716156252
Alert Eyes,1.2689076605267964
Alert Eyes,nan
Alert Eyes,inf
Alert Eyes,0
Alert Eyes,1.1649773619347301
Alert Eyes,0
Alert Eyes,1.0038525169257198
Alert Eyes,0
Alert Eyes,1.0007449843919363
Alert Eyes,0
Alert Eyes,0.9970365592915
Alert Eyes,0
Alert Eyes,0.5
Alert Eyes,0.9900204264726428
Alert Eyes,1.0108471650905406
Alert Eyes,0.8402927825436427
Alert Eyes,1.0755081433270042
Tired Eyes,inf
Tired Eyes,0
Tired Eyes,0
Tired Eyes,0
Tired Eyes,0
Tired Eyes,0
Tired Eyes,0
Alert Eyes,0.9960649373544551
Alert Eyes,inf
Tired Eyes,0.644948022019393
Alert Eyes,0.9911868902729899
Alert Eyes,0
Alert Eyes,10.533160209390843
Alert Eyes,0.9959779374874338
Alert Eyes,inf
Alert Eyes,inf
Alert Eyes,0.7495064219382401
Alert Eyes,1.440762506031817
Alert Eyes,inf
Alert Eyes,1.1328995968427578
Alert Eyes,0.8432289817379043
Alert Eyes,1.026930332299399
Alert Eyes,1.521684790881084
Alert Eyes,47.59989684485517
Alert Eyes,1.7363045554804197
Alert Eyes,0.9648668122164833
Alert Eyes,1.4128104304540947
Alert Eyes,9.965341004475048
Alert Eyes,0.7534311090889303
Alert Eyes,1.3895490566534343
Alert Eyes,0.8578837024717515
Alert Eyes,0.9691154980891079
Alert Eyes,1.3316102423119134
Alert Eyes,0.9441791438811133
Alert Eyes,0.9750614094286568
Alert Eyes,1.0592316763042204
Alert Eyes,0.8129862235634923
Alert Eyes,1.4176913241912086
Alert Eyes,0.850798037120596
Alert Eyes,1.280766910464229
Alert Eyes,0.9363401709411111
Alert Eyes,1.6853141819161688
Alert Eyes,1.7435418139044458
Alert Eyes,1.0358009218826865
Alert Eyes,0.5091760454656883
Alert Eyes,0.8331760682096471
Alert Eyes,0.4712739893155094
Alert Eyes,1.20354061906294
Alert Eyes,35.78685941426867
Alert Eyes,0.967352789531629
Alert Eyes,24.501505188573564
Alert Eyes,16.621762658548118
Alert Eyes,0.7710912807870358
Alert Eyes,0.994910217762786
Alert Eyes,18.257621414995644
Alert Eyes,inf
Alert Eyes,1.1961780270769613
Alert Eyes,0.9980099561498406
Alert Eyes,0
Alert Eyes,0
Alert Eyes,0
Alert Eyes,0
Alert Eyes,0
Alert Eyes,0
Alert Eyes,0
Alert Eyes,inf
Alert Eyes,0
Alert Eyes,0.8456940117957262
Alert Eyes,0
Alert Eyes,1.0214253602571526
Alert Eyes,1.0065146424288702
Alert Eyes,0
Alert Eyes,0
Alert Eyes,1.2995829512080173
Alert Eyes,0
Alert Eyes,2.907784483751192
Alert Eyes,0
Alert Eyes,0.9982940007135291
Alert Eyes,0
Alert Eyes,0
Alert Eyes,0.9798540109841811
Alert Eyes,0
Alert Eyes,1.0023318627323952
Alert Eyes,0
Alert Eyes,nan
Alert Eyes,1.0086338225380507
Alert Eyes,0
Alert Eyes,3.3277360384283265
Alert Eyes,0
Alert Eyes,120.3593757689934
Alert Eyes,0
Alert Eyes,inf
Alert Eyes,0.9078431905572314
Alert Eyes,1.2206859380895871
Alert Eyes,60.903245509814155
Alert Eyes,0
Alert Eyes,21.91510054968627
Alert Eyes,0
Alert Eyes,1.0926667405853714
Alert Eyes,1.976025427476428
Alert Eyes,1.146332074926924
Alert Eyes,2.549864392948637
Alert Eyes,0
Tired Eyes,0.7238910363878714
Tired Eyes,0
Alert Eyes,0.995666264936149
Alert Eyes,inf
Alert Eyes,0.9356146686154849
Tired Eyes,0.8806221527459641
Alert Eyes,0.9427671953043983
Alert Eyes,1.042180416217601
Alert Eyes,0.9514567817399514
Alert Eyes,24.24583993687332
Alert Eyes,inf
Alert Eyes,1.0125181569999002
Tired Eyes,38.68429455301144
Alert Eyes,inf
Alert Eyes,inf
Alert Eyes,inf
Alert Eyes,1.2471495713924547
Alert Eyes,0.9947997737082487
Alert Eyes,0.8956838743922748
Alert Eyes,0.7561213410362109
Alert Eyes,1.017707977918658
Alert Eyes,0.9965000792520582
Alert Eyes,1.0423617553701634
Alert Eyes,85.56578099579336
Alert Eyes,51.680498459917935
Alert Eyes,inf
Alert Eyes,nan
Alert Eyes,4.121753909874357
Alert Eyes,0.9492779854417666
Alert Eyes,0.8888979559685901
Alert Eyes,inf
Alert Eyes,0.9467957732838742
Alert Eyes,1.1290406086190046
Alert Eyes,0.8892939981875007
Alert Eyes,1.9091579815813808
Alert Eyes,1.0793675327536063
Alert Eyes,1.007157229799914
Alert Eyes,0.9959912859035622
Alert Eyes,1.0468682119871073
Alert Eyes,1.3371189626475766
Alert Eyes,0.9521629570329185
Alert Eyes,1.6894524096147818
Alert Eyes,1.0970332488536907
Alert Eyes,0.8318238755620342
Alert Eyes,0.8969937782000393
Alert Eyes,0.8031014619149761
Alert Eyes,inf
Alert Eyes,inf
Alert Eyes,0
Alert Eyes,inf
Alert Eyes,0
Alert Eyes,0.7950626062033544
Alert Eyes,0
Alert Eyes,31.44564623228597
Alert Eyes,0
Alert Eyes,0.8608578610202585
Alert Eyes,0
Alert Eyes,0.963664791339517
Alert Eyes,0.9860548177480037
Alert Eyes,0
Alert Eyes,16.014538608745422
Alert Eyes,0.9910518691624011
Alert Eyes,0
Alert Eyes,0.93199716140318
Alert Eyes,0
Alert Eyes,0.7209045478443216
Alert Eyes,0.9553735144923763
Alert Eyes,1.894708122955293
Alert Eyes,0.8897950755749777
Alert Eyes,0.9191937726708239
Tired Eyes,0.786002091100161
Alert Eyes,1.1983303333033786
Alert Eyes,inf
Alert Eyes,1.5833849790698895
Alert Eyes,6.783533363677013
Alert Eyes,1.1280084510159099
Alert Eyes,inf
Alert Eyes,7.084703727985875
Alert Eyes,0.9121032117611328
Alert Eyes,0.9702272727113499
Alert Eyes,0
Alert Eyes,0.6760247322136383
Alert Eyes,0
Alert Eyes,0.8777694783912922
Alert Eyes,0
Alert Eyes,0.7519778294361121
Alert Eyes,0.9591264215921212
Alert Eyes,0.9667079724175583
Alert Eyes,1.2657592339445778
Alert Eyes,0
Alert Eyes,0.7404508996274123
Alert Eyes,0
Alert Eyes,0.7813209776177593
Alert Eyes,0
Alert Eyes,0.787464327014797
Alert Eyes,0
Alert Eyes,1.130672546377686
Alert Eyes,0.9861270599643509
Alert Eyes,1.4661295790270714
Alert Eyes,0
Alert Eyes,0
Alert Eyes,4.522167456938275
Alert Eyes,0
Alert Eyes,1.017552490444926
Alert Eyes,0
Alert Eyes,1.163455087245441
Alert Eyes,0
Alert Eyes,1.0552415072621142
Alert Eyes,0
Alert Eyes,1.0252532102688132
Alert Eyes,1.1289844450357616
Alert Eyes,1.0405806399431436
Alert Eyes,1.2081726172154938
Alert Eyes,1.2434581306228687
Alert Eyes,0.8626633654444137
Alert Eyes,1.4583812902032274
Alert Eyes,2.028694221429175
Alert Eyes,2.8802811482351416
Tired Eyes,0.9972010057607089
Alert Eyes,nan
Alert Eyes,0.9959957335018745
Alert Eyes,1.017830325003822
Alert Eyes,72.72120322761545
Alert Eyes,0.7700027857663979
Alert Eyes,0.9848589798339845
Alert Eyes,0.693572740701725
Alert Eyes,inf
Alert Eyes,0.9501040222711366
Alert Eyes,1.2116714768216557
Alert Eyes,1.81235043799768
Alert Eyes,1.4947594092575316
Tired Eyes,0.8317721767532942
Alert Eyes,0.9567724666857016
Alert Eyes,1.039377140679555
Alert Eyes,0
Alert Eyes,1.0655658237620078
Alert Eyes,1.9443742371615165
Alert Eyes,32.839193868286124
Alert Eyes,0
Alert Eyes,9.145210161265004
Alert Eyes,0.9970305504865085
Alert Eyes,0
Alert Eyes,0.94561902644176
Alert Eyes,1.0586631513333742
Alert Eyes,0
Alert Eyes,1.0223773925789879
Alert Eyes,0
Alert Eyes,0
Alert Eyes,2.5202467346000534
Alert Eyes,0
Alert Eyes,2.4665549243106395
Alert Eyes,inf
Alert Eyes,0
Alert Eyes,1.3160121801851017
Alert Eyes,0
Alert Eyes,1.461449513391623
Alert Eyes,0
Alert Eyes,1.0588313399108416
Alert Eyes,0
Alert Eyes,2.6479099030433835
Alert Eyes,0
Alert Eyes,60.107934155409204
Alert Eyes,inf
Alert Eyes,0.9876940185526379
Alert Eyes,0.9925319462728119
Alert Eyes,0.9925319462728119
Alert Eyes,0.99762335443906
Alert Eyes,1.110755084037071
Alert Eyes,6.260483855704945
Alert Eyes,0.8929806829645917
Alert Eyes,25.411819472835038
Alert Eyes,0.9578980790013677
Tired Eyes,0.6746534008757491
Alert Eyes,0.6726366697170166
Alert Eyes,0.7340179494932957
Alert Eyes,1.008557435481478
Alert Eyes,0.9214363699781645
Alert Eyes,2.790276548263247
Alert Eyes,1.0470008200557273
Alert Eyes,1.047323878361922
Alert Eyes,46.29334579571813
Alert Eyes,1.1990036360301342
Alert Eyes,0.9315379238360141
Alert Eyes,1.0046163835491644
Alert Eyes,0.685534613337213
Alert Eyes,0.9570248305280886
Alert Eyes,1.022482425181673
Alert Eyes,0.7611820788053529
Alert Eyes,0.9968172677925017
Alert Eyes,1.0005818444812475
Alert Eyes,0.5156293475199356
Alert Eyes,0.7397753019372137
Alert Eyes,1.6648539008877008
Alert Eyes,2.7232725040229617
Alert Eyes,1.6444504724148523
Alert Eyes,11.401406772259707
Alert Eyes,0.9452849214991472
Alert Eyes,0
Alert Eyes,1.2724051664115983
Alert Eyes,0
Alert Eyes,0.7928022022237087
Alert Eyes,0
Alert Eyes,53.692403573391324
Alert Eyes,79.00649280227316
Alert Eyes,124.63553453998937
Alert Eyes,0.9648859284583133
Alert Eyes,0.9702721588202029
Alert Eyes,0.957660944717409
Alert Eyes,0.9658629921774242
Alert Eyes,1.0350845892172078
Alert Eyes,1.037148615690545
Alert Eyes,0.7747943260488138
Alert Eyes,1.0079667131008962
Alert Eyes,1.0308696512354116
Alert Eyes,0.9828045198237771
Alert Eyes,1.0051365416989235
Tired Eyes,0.006720892839317116
Alert Eyes,0.7587718852173961
Alert Eyes,0.999016722484744
Alert Eyes,0.95121672002682
Alert Eyes,0.9783120464549706
Alert Eyes,0.9240629579461
Alert Eyes,1.0076864438405952
Alert Eyes,0.8818190236534671
Tired Eyes,0.7818165326874795
Alert Eyes,inf
Alert Eyes,0.7896776478654338
Alert Eyes,inf
Alert Eyes,0.8652279260631565
Alert Eyes,inf
Alert Eyes,inf
Alert Eyes,0
Alert Eyes,0.8100567688598359
Alert Eyes,1.0125647258507566
Alert Eyes,0.7851337878304231
Alert Eyes,0.8786263085563458
Alert Eyes,0.9827751531355234
Alert Eyes,inf
Alert Eyes,12.990748746410889
Alert Eyes,0.688163712351563
Tired Eyes,0.7302227504768379
Alert Eyes,0.8592314725275199
Alert Eyes,0.9696596881995767
Alert Eyes,0.8998489680040885
Alert Eyes,0.8007527499612229
Alert Eyes,0.8395270812012537
Alert Eyes,0.9263885344611339
Alert Eyes,0.9257744911517756
Alert Eyes,0.8984542135540509
Alert Eyes,0.8983817695975052
Alert Eyes,0.9603316903768466
Alert Eyes,0.861531874590125
Alert Eyes,0.7803819357460778
Alert Eyes,1.1141112917928593
Alert Eyes,inf
Alert Eyes,0.8407512911248722
Alert Eyes,0.9522444586577361
Alert Eyes,1.1363016700351973
Alert Eyes,0.816309804723937
Alert Eyes,0.8552011735631893
Alert Eyes,0.8341702832103731
Alert Eyes,50.765914075559756
Alert Eyes,1.0793094386435618
Alert Eyes,0.9300557909834517
Alert Eyes,0.8058909668144759
Alert Eyes,1.3223409202276066
Alert Eyes,0.8423351937652509
Alert Eyes,0.9477704035215488
Alert Eyes,1.3220589652268928
Alert Eyes,inf
Tired Eyes,1.049609268059134
Tired Eyes,0.8679135571489565
Alert Eyes,1.0208747227415071
Tired Eyes,0.7335575176751494
Alert Eyes,5.133949285009469
Alert Eyes,1.061185767906362
Alert Eyes,1.7473776075851624
Alert Eyes,8.367091609979635
Alert Eyes,0.8554845198765443
Alert Eyes,19.705396695017686
Tired Eyes,0.9318555990100217
Alert Eyes,0.8907791348122834
Alert Eyes,1.0708937918563979
Alert Eyes,0.907220094835516
Alert Eyes,12.205404466392734
Alert Eyes,11.047360981858905
Alert Eyes,1.0042000184113042
Alert Eyes,1.1078076126073362
Tired Eyes,0.6495243787431749
Alert Eyes,1.3539359385757899
Alert Eyes,18.171103819751448
Alert Eyes,1.1931693594717538
Alert Eyes,1.0823274853018852
Alert Eyes,2.0006092757145026
Alert Eyes,1.0432362726957094
Alert Eyes,10.256213088986692
Alert Eyes,0.9413424950456939
Alert Eyes,1.4477832302245863
Alert Eyes,0.8402718770006609
Alert Eyes,1.245750425675027
Alert Eyes,0.9604732864447014
Alert Eyes,17.90216133230881
Alert Eyes,0.9515695998091558
Alert Eyes,0.8786201335988203
Alert Eyes,60.95082848768256
Alert Eyes,5.3125700571389745
Alert Eyes,3.507217263118558
Alert Eyes,1.3026871686415358
Alert Eyes,1.0197685027186414
Alert Eyes,0.925859065745805
Alert Eyes,7.0791770680784625
Alert Eyes,1.2797302232857046
Alert Eyes,1.2721404336873392
Alert Eyes,0.9054914680362494
Alert Eyes,0.9135645906084414
Alert Eyes,1.104359376099396
Alert Eyes,1.3053334720560636
Alert Eyes,0.9779403555468766
Alert Eyes,1.0033878841241568
