Eyes Closed Status,Open Eyes Ratio
Alert Eyes,1.0
Alert Eyes,1.0
Alert Eyes,1.0
Alert Eyes,0.9333333333333333
Alert Eyes,0.8823529411764706
Alert Eyes,0.9
Alert Eyes,0.92
Alert Eyes,0.9285714285714286
Alert Eyes,0.9354838709677419
Alert Eyes,0.9411764705882353
Alert Eyes,0.9459459459459459
Alert Eyes,0.9487179487179487
Alert Eyes,0.9512195121951219
Alert Eyes,0.9534883720930233
Alert Eyes,0.9347826086956522
Alert Eyes,0.94
Alert Eyes,0.9444444444444444
Alert Eyes,0.9482758620689655
Alert Eyes,0.9516129032258065
Alert Eyes,0.9516129032258065
Alert Eyes,0.9516129032258065
Alert Eyes,0.9516129032258065
Alert Eyes,0.9516129032258065
Alert Eyes,0.9516129032258065
Alert Eyes,0.9516129032258065
Alert Eyes,0.9516129032258065
Alert Eyes,0.9516129032258065
Alert Eyes,0.9538461538461539
Alert Eyes,0.9538461538461539
Alert Eyes,0.9565217391304348
Tired Eyes,0.9436619718309859
Tired Eyes,0.9436619718309859
Tired Eyes,0.9436619718309859
Tired Eyes,0.9436619718309859
Tired Eyes,0.9436619718309859
Tired Eyes,0.9436619718309859
Tired Eyes,0.9436619718309859
Tired Eyes,0.9436619718309859
Tired Eyes,0.9436619718309859
Alert Eyes,0.9459459459459459
Alert Eyes,0.9466666666666667
Alert Eyes,0.9466666666666667
Alert Eyes,0.948051948051948
Alert Eyes,0.95
Alert Eyes,0.9523809523809523
Alert Eyes,0.9540229885057471
Alert Eyes,0.9550561797752809
Alert Eyes,0.946236559139785
Alert Eyes,0.9381443298969072
Alert Eyes,0.9306930693069307
Alert Eyes,0.9333333333333333
Alert Eyes,0.9369369369369369
Alert Eyes,0.9385964912280702
Alert Eyes,0.9316239316239316
Alert Eyes,0.9349593495934959
Alert Eyes,0.9375
Alert Eyes,0.9328358208955224
Alert Eyes,0.9347826086956522
Alert Eyes,0.9375
Alert Eyes,0.9391891891891891
Alert Eyes,0.9411764705882353
Alert Eyes,0.9426751592356688
Alert Eyes,0.94375
Alert Eyes,0.9454545454545454
Alert Eyes,0.9467455621301775
Alert Eyes,0.9476744186046512
Alert Eyes,0.9485714285714286
Tired Eyes,0.9447513812154696
Alert Eyes,0.946236559139785
Alert Eyes,0.9470899470899471
Alert Eyes,0.9484536082474226
Alert Eyes,0.9494949494949495
Alert Eyes,0.9504950495049505
Alert Eyes,0.9514563106796117
Alert Eyes,0.9473684210526315
Alert Eyes,0.9436619718309859
Alert Eyes,0.9406392694063926
Alert Eyes,0.9417040358744395
Alert Eyes,0.9424778761061947
Alert Eyes,0.9434782608695652
Alert Eyes,0.9444444444444444
Alert Eyes,0.9451476793248945
Alert Eyes,0.9416666666666667
Alert Eyes,0.9426229508196722
Alert Eyes,0.943089430894309
Alert Eyes,0.9437751004016064
Alert Eyes,0.9446640316205533
Alert Eyes,0.9453125
Alert Eyes,0.9457364341085271
Alert Eyes,0.946360153256705
Alert Eyes,0.9467680608365019
Alert Eyes,0.9471698113207547
Alert Eyes,0.9479553903345725
Alert Eyes,0.9487179487179487
Alert Eyes,0.9494584837545126
Alert Eyes,0.9498207885304659
Alert Eyes,0.95
Alert Eyes,0.9501779359430605
Alert Eyes,0.950354609929078
Alert Eyes,0.951048951048951
Alert Eyes,0.9515570934256056
Alert Eyes,0.9522184300341296
Alert Eyes,0.9527027027027027
Alert Eyes,0.9533333333333334
Alert Eyes,0.9539473684210527
Alert Eyes,0.9546925566343042
Alert Eyes,0.9552715654952076
Alert Eyes,0.9558359621451105
Alert Eyes,0.953416149068323
Alert Eyes,0.9539877300613497
Alert Eyes,0.9545454545454546
Alert Eyes,0.9556213017751479
Alert Eyes,0.9563953488372093
Alert Eyes,0.9541547277936963
Alert Eyes,0.952112676056338
Alert Eyes,0.9527777777777777
Alert Eyes,0.9508196721311475
Alert Eyes,0.9490616621983914
Alert Eyes,0.9498680738786279
Alert Eyes,0.9506493506493506
Tired Eyes,0.9487179487179487
Alert Eyes,0.949238578680203
Alert Eyes,0.9473684210526315
Alert Eyes,0.9481481481481482
Alert Eyes,0.9485294117647058
Alert Eyes,0.9491525423728814
Alert Eyes,0.9473684210526315
Alert Eyes,0.9478672985781991
Alert Eyes,0.9483568075117371
Alert Eyes,0.9484777517564403
Alert Eyes,0.9484777517564403
Alert Eyes,0.9484777517564403
Alert Eyes,0.9484777517564403
Alert Eyes,0.9484777517564403
Alert Eyes,0.9484777517564403
Alert Eyes,0.9484777517564403
Alert Eyes,0.9484777517564403
Alert Eyes,0.9484777517564403
Alert Eyes,0.9484777517564403
Alert Eyes,0.9484777517564403
Alert Eyes,0.9484777517564403
Alert Eyes,0.9484777517564403
Alert Eyes,0.9484777517564403
Alert Eyes,0.9484777517564403
Alert Eyes,0.9484777517564403
Alert Eyes,0.9484777517564403
Alert Eyes,0.9484777517564403
Alert Eyes,0.9484777517564403
Alert Eyes,0.9484777517564403
Alert Eyes,0.9484777517564403
Alert Eyes,0.9484777517564403
Alert Eyes,0.9484777517564403
Alert Eyes,0.9484777517564403
Alert Eyes,0.9484777517564403
Alert Eyes,0.9485981308411215
Alert Eyes,0.9485981308411215
Alert Eyes,0.9485981308411215
Alert Eyes,0.9485981308411215
Alert Eyes,0.9485981308411215
Alert Eyes,0.9485981308411215
Alert Eyes,0.9485981308411215
Alert Eyes,0.9485981308411215
Alert Eyes,0.9485981308411215
Alert Eyes,0.9485981308411215
Alert Eyes,0.9485981308411215
Alert Eyes,0.9485981308411215
Alert Eyes,0.9485981308411215
Alert Eyes,0.9485981308411215
Alert Eyes,0.9487179487179487
Alert Eyes,0.9490740740740741
Alert Eyes,0.9494252873563218
Alert Eyes,0.9496567505720824
Alert Eyes,0.9498861047835991
Alert Eyes,0.9501133786848073
Alert Eyes,0.9504504504504504
Alert Eyes,0.9506726457399103
Alert Eyes,0.9508928571428571
Alert Eyes,0.9512195121951219
Alert Eyes,0.9514348785871964
Alert Eyes,0.9516483516483516
Alert Eyes,0.9518599562363238
Alert Eyes,0.9520697167755992
Alert Eyes,0.9522776572668112
Alert Eyes,0.9524838012958964
Alert Eyes,0.9526881720430107
Alert Eyes,0.9529914529914529
Alert Eyes,0.9532908704883227
Alert Eyes,0.9534883720930233
Alert Eyes,0.9536842105263158
Alert Eyes,0.9538784067085954
Alert Eyes,0.9541666666666667
Alert Eyes,0.9542619542619543
Alert Eyes,0.9545454545454546
Alert Eyes,0.9549180327868853
Alert Eyes,0.9551020408163265
Alert Eyes,0.9552845528455285
Alert Eyes,0.9555555555555556
Alert Eyes,0.9558232931726908
Alert Eyes,0.9561752988047809
Alert Eyes,0.9565217391304348
Alert Eyes,0.9569471624266145
Alert Eyes,0.9572815533980582
Alert Eyes,0.9576107899807321
Alert Eyes,0.9578544061302682
Alert Eyes,0.9581749049429658
Alert Eyes,0.9585687382297552
Alert Eyes,0.9588014981273408
Alert Eyes,0.9591078066914498
Alert Eyes,0.9593345656192237
Alert Eyes,0.9594843462246777
Alert Eyes,0.9597069597069597
Alert Eyes,0.9598540145985401
Alert Eyes,0.9601449275362319
Alert Eyes,0.9601449275362319
Alert Eyes,0.9603603603603603
Alert Eyes,0.9603603603603603
Alert Eyes,0.9603603603603603
Alert Eyes,0.9603603603603603
Alert Eyes,0.9603603603603603
Alert Eyes,0.9603603603603603
Alert Eyes,0.9603603603603603
Alert Eyes,0.9605026929982047
Alert Eyes,0.9605026929982047
Alert Eyes,0.9605026929982047
Alert Eyes,0.9605026929982047
Alert Eyes,0.9605026929982047
Alert Eyes,0.960644007155635
Alert Eyes,0.9609236234458259
Alert Eyes,0.9595070422535211
Alert Eyes,0.9595070422535211
Alert Eyes,0.9599303135888502
Alert Eyes,0.9599303135888502
Alert Eyes,0.9603448275862069
Alert Eyes,0.9607508532423208
Alert Eyes,0.9593908629441624
Alert Eyes,0.9595959595959596
Alert Eyes,0.9597989949748744
Alert Eyes,0.959866220735786
Alert Eyes,0.9601990049751243
Alert Eyes,0.9601990049751243
Alert Eyes,0.9601990049751243
Alert Eyes,0.9601990049751243
Alert Eyes,0.9601990049751243
Alert Eyes,0.9601990049751243
Alert Eyes,0.9601990049751243
Alert Eyes,0.9601990049751243
Alert Eyes,0.9601990049751243
Alert Eyes,0.9601990049751243
Alert Eyes,0.9601990049751243
Alert Eyes,0.9601990049751243
Alert Eyes,0.9601990049751243
Alert Eyes,0.9602649006622517
Alert Eyes,0.9602649006622517
Alert Eyes,0.9605263157894737
Alert Eyes,0.9607843137254902
Alert Eyes,0.9607843137254902
Tired Eyes,0.959349593495935
Alert Eyes,0.959546925566343
Alert Eyes,0.9596774193548387
Tired Eyes,0.9584
Alert Eyes,0.9571428571428572
Alert Eyes,0.957345971563981
Alert Eyes,0.9545454545454546
Alert Eyes,0.9532710280373832
Alert Eyes,0.9520865533230294
Alert Eyes,0.9507692307692308
Alert Eyes,0.9509954058192955
Alert Eyes,0.9512195121951219
Alert Eyes,0.9515151515151515
Alert Eyes,0.951734539969834
Alert Eyes,0.9519519519519519
Alert Eyes,0.9519519519519519
Alert Eyes,0.9519519519519519
Alert Eyes,0.9521674140508222
Alert Eyes,0.9523809523809523
Alert Eyes,0.9525925925925925
Alert Eyes,0.9513274336283186
Alert Eyes,0.9502196193265008
Tired Eyes,0.9489795918367347
Alert Eyes,0.9493487698986975
Alert Eyes,0.9496402877697842
Alert Eyes,0.9484978540772532
Alert Eyes,0.9474431818181818
Alert Eyes,0.9476661951909476
Alert Eyes,0.9478873239436619
Alert Eyes,0.9481792717086834
Alert Eyes,0.9470013947001394
Alert Eyes,0.9472954230235784
Alert Eyes,0.9476584022038568
Alert Eyes,0.947945205479452
Alert Eyes,0.9482993197278912
Alert Eyes,0.9472259810554804
Alert Eyes,0.9475806451612904
Alert Eyes,0.9479305740987984
Alert Eyes,0.9482071713147411
Alert Eyes,0.9484808454425363
Alert Eyes,0.9486842105263158
Alert Eyes,0.9490196078431372
Alert Eyes,0.9491525423728814
Alert Eyes,0.9493506493506494
Alert Eyes,0.9494818652849741
Alert Eyes,0.9496774193548387
Alert Eyes,0.9498714652956298
Alert Eyes,0.95
Alert Eyes,0.9501278772378516
Alert Eyes,0.9502551020408163
Alert Eyes,0.9504447268106735
Alert Eyes,0.950507614213198
Alert Eyes,0.950632911392405
Alert Eyes,0.9508196721311475
Alert Eyes,0.9510050251256281
Alert Eyes,0.9510664993726474
Alert Eyes,0.951188986232791
Alert Eyes,0.9513715710723192
Alert Eyes,0.9514925373134329
Alert Eyes,0.9516728624535316
Alert Eyes,0.9505562422744128
Alert Eyes,0.9495073891625616
Alert Eyes,0.9496314496314496
Alert Eyes,0.9498164014687882
Alert Eyes,0.9500609013398295
Alert Eyes,0.9491525423728814
Alert Eyes,0.9493365500603136
Alert Eyes,0.9495798319327731
Alert Eyes,0.9497607655502392
Alert Eyes,0.9497607655502392
Alert Eyes,0.9497607655502392
Alert Eyes,0.9497607655502392
Alert Eyes,0.9497607655502392
Alert Eyes,0.9497607655502392
Alert Eyes,0.9497607655502392
Alert Eyes,0.9497607655502392
Alert Eyes,0.9497607655502392
Alert Eyes,0.9488095238095238
Alert Eyes,0.9489916963226572
Alert Eyes,0.9491725768321513
Alert Eyes,0.9492924528301887
Alert Eyes,0.9494712103407755
Alert Eyes,0.949648711943794
Alert Eyes,0.9497663551401869
Alert Eyes,0.9498834498834499
Alert Eyes,0.9500580720092915
Alert Eyes,0.9502314814814815
Alert Eyes,0.9504036908881199
Alert Eyes,0.9505747126436782
Alert Eyes,0.9496567505720824
Alert Eyes,0.9496567505720824
Alert Eyes,0.9498289623717218
Alert Eyes,0.95
Alert Eyes,0.9501698754246886
Alert Eyes,0.9503945885005637
Alert Eyes,0.950561797752809
Alert Eyes,0.9506726457399103
Alert Eyes,0.9508379888268157
Alert Eyes,0.9511111111111111
Alert Eyes,0.9502212389380531
Alert Eyes,0.9504950495049505
Alert Eyes,0.9504950495049505
Alert Eyes,0.9504950495049505
Alert Eyes,0.9504950495049505
Alert Eyes,0.9504950495049505
Alert Eyes,0.9504950495049505
Alert Eyes,0.9507658643326039
Alert Eyes,0.9507658643326039
Alert Eyes,0.9508733624454149
Alert Eyes,0.9510337323177367
Alert Eyes,0.9511930585683297
Alert Eyes,0.9502702702702702
Alert Eyes,0.9503775620280475
Alert Eyes,0.9503775620280475
Alert Eyes,0.9505376344086022
Alert Eyes,0.9506437768240343
Alert Eyes,0.9507494646680942
Alert Eyes,0.9499467518636848
Alert Eyes,0.9500531349628055
Alert Eyes,0.9502118644067796
Alert Eyes,0.9503695881731784
Alert Eyes,0.9503695881731784
Alert Eyes,0.9503695881731784
Alert Eyes,0.9503695881731784
Alert Eyes,0.9503695881731784
Alert Eyes,0.9503695881731784
Alert Eyes,0.9503695881731784
Alert Eyes,0.9503695881731784
Alert Eyes,0.9503695881731784
Alert Eyes,0.9503695881731784
Alert Eyes,0.9503695881731784
Alert Eyes,0.9503695881731784
Alert Eyes,0.9505263157894737
Alert Eyes,0.950682056663169
Alert Eyes,0.9509394572025052
Tired Eyes,0.9501557632398754
Alert Eyes,0.9504643962848297
Alert Eyes,0.9506172839506173
Alert Eyes,0.9507692307692308
Tired Eyes,0.95
Alert Eyes,0.9501018329938901
Alert Eyes,0.9502032520325203
Alert Eyes,0.9503042596348884
Alert Eyes,0.9504048582995951
Alert Eyes,0.9505050505050505
Tired Eyes,0.9496981891348089
Alert Eyes,0.9497991967871486
Alert Eyes,0.9498997995991983
Tired Eyes,0.949
Tired Eyes,0.949
Tired Eyes,0.949
Tired Eyes,0.949
Tired Eyes,0.949
Alert Eyes,0.9491017964071856
Alert Eyes,0.9492537313432836
Alert Eyes,0.9494047619047619
Alert Eyes,0.9495049504950495
Tired Eyes,0.9486673247778875
Alert Eyes,0.9488188976377953
Tired Eyes,0.9479882237487733
Alert Eyes,0.9480901077375122
Alert Eyes,0.9482421875
Alert Eyes,0.9483430799220273
Alert Eyes,0.9484435797665369
Alert Eyes,0.9485935984481086
Alert Eyes,0.9487427466150871
Alert Eyes,0.9488910318225651
Alert Eyes,0.9490384615384615
Alert Eyes,0.9491362763915547
Alert Eyes,0.9492822966507177
Alert Eyes,0.9494274809160306
Alert Eyes,0.9495238095238095
Alert Eyes,0.949667616334283
Alert Eyes,0.9498106060606061
Tired Eyes,0.9490566037735849
Alert Eyes,0.9491525423728814
Alert Eyes,0.949343339587242
Alert Eyes,0.9494855004677268
Alert Eyes,0.9496268656716418
Alert Eyes,0.9497674418604651
Alert Eyes,0.9498607242339833
Alert Eyes,0.9498607242339833
Alert Eyes,0.9499072356215214
Alert Eyes,0.9499536607970342
Alert Eyes,0.95
Alert Eyes,0.9500924214417745
Alert Eyes,0.9502304147465438
Alert Eyes,0.9503219871205152
Alert Eyes,0.9503219871205152
Alert Eyes,0.9503219871205152
Alert Eyes,0.9503219871205152
Alert Eyes,0.9503219871205152
Alert Eyes,0.9503219871205152
Tired Eyes,0.9495412844036697
Alert Eyes,0.94967978042086
Tired Eyes,0.9489516864175023
Alert Eyes,0.9482288828337875
Alert Eyes,0.9475113122171945
Alert Eyes,0.9476534296028881
Alert Eyes,0.947841726618705
Alert Eyes,0.9479820627802691
Alert Eyes,0.9481216457960644
Alert Eyes,0.9473684210526315
Alert Eyes,0.947508896797153
Alert Eyes,0.9467613132209406
Alert Eyes,0.9460176991150443
Alert Eyes,0.9461606354810238
Tired Eyes,0.9454705364995603
Tired Eyes,0.9454705364995603
Alert Eyes,0.9447852760736196
Alert Eyes,0.9449300699300699
Alert Eyes,0.9450741063644289
Alert Eyes,0.9452173913043478
Alert Eyes,0.9454072790294628
Alert Eyes,0.9455958549222798
Alert Eyes,0.9449225473321858
Alert Eyes,0.9450171821305842
Alert Eyes,0.9451114922813036
Alert Eyes,0.9452054794520548
Alert Eyes,0.9452991452991453
Alert Eyes,0.9453924914675768
Alert Eyes,0.945531914893617
Alert Eyes,0.945624468988955
Alert Eyes,0.9449152542372882
Alert Eyes,0.9451013513513513
Alert Eyes,0.945240101095198
Alert Eyes,0.945424013434089
Alert Eyes,0.9456066945606695
Alert Eyes,0.9449081803005008
Alert Eyes,0.945
Alert Eyes,0.9450915141430949
Alert Eyes,0.9452282157676348
Alert Eyes,0.9453189726594863
Alert Eyes,0.9454094292803971
Tired Eyes,0.9447194719471947
Alert Eyes,0.9448559670781893
Alert Eyes,0.9449465899753492
Alert Eyes,0.9450819672131148
Tired Eyes,0.9443535188216039
Alert Eyes,0.9445350734094616
Alert Eyes,0.9446254071661238
Alert Eyes,0.9447154471544715
Alert Eyes,0.9448946515397083
Alert Eyes,0.9450282942603072
Alert Eyes,0.9451612903225807
Alert Eyes,0.9452936444086887
Alert Eyes,0.944578313253012
Alert Eyes,0.9446672012830793
Alert Eyes,0.9448441247002398
Alert Eyes,0.9450199203187251
Alert Eyes,0.9451510333863276
Alert Eyes,0.9452815226011102
Alert Eyes,0.945324881141046
Alert Eyes,0.9446640316205533
Alert Eyes,0.9440504334121356
Alert Eyes,0.9441384736428009
Alert Eyes,0.9442262372348782
Alert Eyes,0.9443137254901961
Alert Eyes,0.9437060203283816
Tired Eyes,0.9431021044427124
Alert Eyes,0.9432348367029549
Alert Eyes,0.943366951124903
Alert Eyes,0.9434984520123839
Tired Eyes,0.9428571428571428
Alert Eyes,0.9422187981510015
Alert Eyes,0.9423520368946964
Alert Eyes,0.942572741194487
Alert Eyes,0.9426605504587156
Alert Eyes,0.9427917620137299
Alert Eyes,0.9422053231939164
Alert Eyes,0.9422930903568717
Alert Eyes,0.9424678274034822
Alert Eyes,0.9425981873111783
Alert Eyes,0.9428141459744168
Alert Eyes,0.9429429429429429
Alert Eyes,0.9431137724550899
Alert Eyes,0.9432412247946228
Alert Eyes,0.9433681073025335
Alert Eyes,0.9434944237918216
Alert Eyes,0.9436201780415431
Alert Eyes,0.9437453737971873
Alert Eyes,0.9438700147710487
Alert Eyes,0.9439941046425939
Tired Eyes,0.9433823529411764
Alert Eyes,0.9436310395314788
Alert Eyes,0.9437956204379562
Alert Eyes,0.9432727272727273
Alert Eyes,0.9433962264150944
Alert Eyes,0.942795076031861
Tired Eyes,0.9422799422799423
Alert Eyes,0.9424046076313894
Tired Eyes,0.9411342426417804
Alert Eyes,0.9413027916964924
Alert Eyes,0.9413447782546495
Alert Eyes,0.9408831908831908
Alert Eyes,0.9409672830725462
Tired Eyes,0.9403409090909091
Alert Eyes,0.9404255319148936
Alert Eyes,0.9405940594059405
Alert Eyes,0.9407616361071932
Alert Eyes,0.940225035161744
Alert Eyes,0.9403927068723703
Alert Eyes,0.9406009783368274
Alert Eyes,0.9400278940027894
Alert Eyes,0.9401530967292971
Alert Eyes,0.9402777777777778
Alert Eyes,0.9404019404019404
Alert Eyes,0.9405255878284924
Alert Eyes,0.9399585921325052
Alert Eyes,0.9400826446280992
Alert Eyes,0.9402472527472527
Tired Eyes,0.9397260273972603
Alert Eyes,0.9399317406143345
Alert Eyes,0.9400544959128065
Alert Eyes,0.9401767505098573
Alert Eyes,0.9395790902919212
Alert Eyes,0.9396610169491525
Tired Eyes,0.9390656736628301
Tired Eyes,0.9378378378378378
Alert Eyes,0.9379635873229939
Alert Eyes,0.9380888290713324
Alert Eyes,0.9369973190348525
Alert Eyes,0.937123745819398
Tired Eyes,0.9365397461589846
Alert Eyes,0.9366666666666666
Alert Eyes,0.9368351063829787
Alert Eyes,0.9369608493696084
Alert Eyes,0.9364659166115156
Alert Eyes,0.9365499008592201
Alert Eyes,0.9366754617414248
Alert Eyes,0.9368836291913215
Tired Eyes,0.9363099146421536
Alert Eyes,0.9363934426229508
Alert Eyes,0.9364767518009168
Alert Eyes,0.9365598430346632
Alert Eyes,0.9366427171783148
Alert Eyes,0.9367253750815394
Alert Eyes,0.936890045543266
Alert Eyes,0.937012987012987
Alert Eyes,0.937094682230869
Alert Eyes,0.9371761658031088
Tired Eyes,0.9367333763718528
Alert Eyes,0.9368149580915538
Alert Eyes,0.9369369369369369
Alert Eyes,0.9369774919614148
Alert Eyes,0.9371391917896087
Alert Eyes,0.9373401534526854
Alert Eyes,0.9368622448979592
Tired Eyes,0.936346276257161
Alert Eyes,0.9358730158730159
Alert Eyes,0.9359543436905516
Alert Eyes,0.9360759493670886
Alert Eyes,0.936197094125079
Alert Eyes,0.9362776025236593
Alert Eyes,0.9357682619647355
Alert Eyes,0.9358893777498428
Alert Eyes,0.9360100376411543
Alert Eyes,0.9361302442078898
Tired Eyes,0.935625
Alert Eyes,0.935785536159601
Alert Eyes,0.9358255451713395
Alert Eyes,0.9359054138145613
Tired Eyes,0.9354438237119801
Alert Eyes,0.9355238685678859
Alert Eyes,0.9356037151702786
Alert Eyes,0.9357231149567367
Alert Eyes,0.9346888478126926
Alert Eyes,0.9348894348894349
Alert Eyes,0.9350887936313533
Alert Eyes,0.9351285189718482
Alert Eyes,0.9346365302382407
Alert Eyes,0.9347958561852528
Alert Eyes,0.9343465045592705
Alert Eyes,0.9344262295081968
Alert Eyes,0.9339794064203513
Alert Eyes,0.9340592861464004
Alert Eyes,0.9341389728096676
Tired Eyes,0.9336550060313631
Alert Eyes,0.9337748344370861
Alert Eyes,0.9338942307692307
Alert Eyes,0.933933933933934
Alert Eyes,0.9340131973605279
Alert Eyes,0.934052757793765
Alert Eyes,0.9341317365269461
Alert Eyes,0.9342105263157895
Alert Eyes,0.9342891278375149
Alert Eyes,0.9343675417661098
Alert Eyes,0.9344848123883264
Alert Eyes,0.934562760261749
Alert Eyes,0.934085510688836
Alert Eyes,0.934319526627219
Alert Eyes,0.9344746162927982
Alert Eyes,0.9347058823529412
Alert Eyes,0.9348973607038124
Alert Eyes,0.9350497366881217
Alert Eyes,0.9352014010507881
Alert Eyes,0.9353899883585565
Alert Eyes,0.9354651162790698
Alert Eyes,0.9355400696864111
Tired Eyes,0.9344927536231884
Tired Eyes,0.9334105385060799
Tired Eyes,0.9329091960670908
Alert Eyes,0.9330254041570438
Alert Eyes,0.9331797235023042
Alert Eyes,0.9327972429638139
Alert Eyes,0.9327972429638139
Alert Eyes,0.9327972429638139
Alert Eyes,0.9327972429638139
Alert Eyes,0.9327972429638139
Alert Eyes,0.9327972429638139
Alert Eyes,0.9327972429638139
Alert Eyes,0.9324169530355098
Alert Eyes,0.9325714285714286
Tired Eyes,0.9321163719338277
Tired Eyes,0.9317017643710871
Alert Eyes,0.9317794201250711
Alert Eyes,0.9319727891156463
Alert Eyes,0.9314835787089468
Alert Eyes,0.9315610859728507
Alert Eyes,0.9316770186335404
Alert Eyes,0.9317155756207675
Alert Eyes,0.9317925591882751
Alert Eyes,0.9318693693693694
Alert Eyes,0.9320224719101123
Alert Eyes,0.9321748878923767
Alert Eyes,0.9323266219239373
Alert Eyes,0.9323266219239373
Alert Eyes,0.9323644494130799
Alert Eyes,0.9323644494130799
Alert Eyes,0.9323644494130799
Alert Eyes,0.9323644494130799
Alert Eyes,0.9323644494130799
Alert Eyes,0.9323644494130799
Alert Eyes,0.9323644494130799
Alert Eyes,0.9323644494130799
Alert Eyes,0.9323644494130799
Alert Eyes,0.9319196428571429
Alert Eyes,0.9321090706733445
Alert Eyes,0.9322598556357579
Tired Eyes,0.9318181818181818
Alert Eyes,0.9318559556786704
Alert Eyes,0.9319313779745434
Alert Eyes,0.9320066334991708
Alert Eyes,0.9321192052980133
Alert Eyes,0.9322314049586777
Alert Eyes,0.9317931793179318
Alert Eyes,0.9317931793179318
Alert Eyes,0.9318681318681319
Alert Eyes,0.9318681318681319
Alert Eyes,0.9313940724478595
Alert Eyes,0.9310344827586207
Alert Eyes,0.9300928454396504
Alert Eyes,0.9302832244008714
Alert Eyes,0.9304347826086956
Alert Eyes,0.9304347826086956
Alert Eyes,0.9306233062330623
Tired Eyes,0.9301948051948052
Alert Eyes,0.9302325581395349
Alert Eyes,0.9298813376483279
Alert Eyes,0.9299946149703824
Alert Eyes,0.9301075268817204
Alert Eyes,0.9302200751476114
Alert Eyes,0.9303322615219721
Alert Eyes,0.930406852248394
Alert Eyes,0.9300213675213675
Alert Eyes,0.9301705756929638
Alert Eyes,0.9303191489361702
Alert Eyes,0.9299363057324841
Alert Eyes,0.9300847457627118
Alert Eyes,0.9302325581395349
Alert Eyes,0.9303430079155672
Alert Eyes,0.9304897314375987
Alert Eyes,0.930672268907563
Alert Eyes,0.9308176100628931
Alert Eyes,0.9309623430962343
Alert Eyes,0.9311064718162839
Alert Eyes,0.9308012486992716
Alert Eyes,0.930944963655244
Alert Eyes,0.9311237700673226
Alert Eyes,0.9312306101344364
Alert Eyes,0.9308208569953537
Alert Eyes,0.9309634209170531
Alert Eyes,0.9310344827586207
Alert Eyes,0.9311408016443987
Alert Eyes,0.9312467932272961
Alert Eyes,0.9313876088069637
Alert Eyes,0.9314928425357873
Tired Eyes,0.9311224489795918
Alert Eyes,0.9312277126846663
Alert Eyes,0.9314024390243902
Alert Eyes,0.9315068493150684
Alert Eyes,0.9316109422492401
Alert Eyes,0.9316801619433198
Alert Eyes,0.9317492416582407
Alert Eyes,0.9318181818181818
Alert Eyes,0.9319556451612904
Alert Eyes,0.932092555331992
Alert Eyes,0.9322289156626506
Alert Eyes,0.9322289156626506
Alert Eyes,0.9322289156626506
Alert Eyes,0.9318295739348371
Alert Eyes,0.9318295739348371
Alert Eyes,0.9318295739348371
Tired Eyes,0.9314314314314315
Alert Eyes,0.9315342328835582
Alert Eyes,0.9312063808574277
Alert Eyes,0.9313091090094574
Alert Eyes,0.9314115308151093
Alert Eyes,0.9315136476426799
Alert Eyes,0.9315815567674764
Alert Eyes,0.9316831683168317
Alert Eyes,0.9317507418397626
Alert Eyes,0.931358024691358
Alert Eyes,0.9314257523433646
Alert Eyes,0.9314933464760966
Alert Eyes,0.9315944881889764
Alert Eyes,0.9316617502458211
Alert Eyes,0.9316617502458211
Alert Eyes,0.9317288801571709
Alert Eyes,0.9317958783120707
Alert Eyes,0.9318961293483586
Alert Eyes,0.9319960861056752
Alert Eyes,0.9320625610948191
Alert Eyes,0.93212890625
Alert Eyes,0.9321951219512196
Alert Eyes,0.9321951219512196
Alert Eyes,0.9321951219512196
Alert Eyes,0.932261208576998
Alert Eyes,0.932261208576998
Alert Eyes,0.932261208576998
Alert Eyes,0.932261208576998
Alert Eyes,0.9323271665043817
Alert Eyes,0.9323929961089494
Alert Eyes,0.9323929961089494
Alert Eyes,0.9323929961089494
Alert Eyes,0.9324258629071464
Alert Eyes,0.9320388349514563
Alert Eyes,0.9320388349514563
Alert Eyes,0.9320388349514563
Tired Eyes,0.9315866084425036
Tired Eyes,0.9307170542635659
Alert Eyes,0.930784123910939
Alert Eyes,0.930884485258579
Alert Eyes,0.930884485258579
Alert Eyes,0.930884485258579
Alert Eyes,0.9310511089681774
Alert Eyes,0.9310843373493976
Tired Eyes,0.9306692344727973
Alert Eyes,0.9308024987986545
Alert Eyes,0.930835734870317
Alert Eyes,0.9309021113243762
Alert Eyes,0.9309352517985612
Alert Eyes,0.9309352517985612
Alert Eyes,0.9309352517985612
Alert Eyes,0.9309352517985612
Alert Eyes,0.9309352517985612
Alert Eyes,0.9309352517985612
Alert Eyes,0.9310344827586207
Alert Eyes,0.9310344827586207
Alert Eyes,0.9311334289813487
Alert Eyes,0.9311334289813487
Alert Eyes,0.9311334289813487
Alert Eyes,0.9311334289813487
Alert Eyes,0.9311334289813487
Alert Eyes,0.9311334289813487
Alert Eyes,0.9311334289813487
Alert Eyes,0.9311992355470616
Alert Eyes,0.9308206106870229
Alert Eyes,0.9308865586272641
Alert Eyes,0.9309194854692711
Alert Eyes,0.9310180780209324
Alert Eyes,0.9306083650190115
Alert Eyes,0.9306742640075973
Alert Eyes,0.9307728781412992
Tired Eyes,0.9303647560397915
Alert Eyes,0.930430667297681
Tired Eyes,0.9300236406619385
Alert Eyes,0.9301227573182247
Tired Eyes,0.9293119698397738
Alert Eyes,0.9289746001881467
Alert Eyes,0.9292076887013596
Tired Eyes,0.928872250818905
Alert Eyes,0.9289719626168225
Alert Eyes,0.9290713952403173
Alert Eyes,0.9292035398230089
Alert Eyes,0.9292364990689013
Alert Eyes,0.9293023255813954
Alert Eyes,0.9289363678588016
Alert Eyes,0.9290023201856148
Alert Eyes,0.9286706808707735
Alert Eyes,0.928736695974086
Alert Eyes,0.9288354898336414
Alert Eyes,0.9289340101522843
Alert Eyes,0.929097605893186
Alert Eyes,0.9287356321839081
Alert Eyes,0.928374655647383
Alert Eyes,0.9284403669724771
Alert Eyes,0.928505957836847
Alert Eyes,0.928604118993135
Alert Eyes,0.9287020109689214
Alert Eyes,0.9287671232876712
Alert Eyes,0.9289293849658314
Alert Eyes,0.9290263876251137
Alert Eyes,0.9291231258518855
Alert Eyes,0.9292196007259528
Alert Eyes,0.9293478260869565
Alert Eyes,0.9290555806597379
Alert Eyes,0.9290876242095755
Alert Eyes,0.9292155094679891
Alert Eyes,0.9293111211166142
Alert Eyes,0.9289568345323741
Alert Eyes,0.9290843806104129
Alert Eyes,0.9287315105333931
Tired Eyes,0.928379588182632
Tired Eyes,0.9280607685433423
Alert Eyes,0.928157072735386
Alert Eyes,0.9282850779510022
Alert Eyes,0.9284126278345931
Alert Eyes,0.927619893428064
Alert Eyes,0.9277482269503546
Alert Eyes,0.9277802392556491
Alert Eyes,0.9278122232063774
Alert Eyes,0.9278441788401948
Alert Eyes,0.9279717189571366
Alert Eyes,0.9280670785525155
Alert Eyes,0.9280670785525155
Alert Eyes,0.9280670785525155
Alert Eyes,0.9280670785525155
Alert Eyes,0.9280670785525155
Alert Eyes,0.9280670785525155
Alert Eyes,0.9280670785525155
Alert Eyes,0.9280670785525155
Alert Eyes,0.9280670785525155
Alert Eyes,0.9280670785525155
Alert Eyes,0.9280670785525155
Alert Eyes,0.9280670785525155
Alert Eyes,0.9277851166886834
Alert Eyes,0.9279120879120879
Tired Eyes,0.927599824484423
Alert Eyes,0.9277266754270697
Tired Eyes,0.9274158285964145
Alert Eyes,0.9275109170305676
Alert Eyes,0.927637314734089
Alert Eyes,0.9277946933449326
Alert Eyes,0.9279201042118975
Alert Eyes,0.9280138768430182
Alert Eyes,0.9281074058033781
Alert Eyes,0.9282317336792045
Tired Eyes,0.9274924471299094
Alert Eyes,0.9271551724137931
Alert Eyes,0.9272805507745266
Alert Eyes,0.9272805507745266
Alert Eyes,0.9272805507745266
Alert Eyes,0.9272805507745266
Alert Eyes,0.9272805507745266
Alert Eyes,0.9272805507745266
Alert Eyes,0.9272805507745266
Alert Eyes,0.9269759450171822
Tired Eyes,0.926672384219554
Alert Eyes,0.9267665952890792
Tired Eyes,0.9264013692768507
Alert Eyes,0.9264643009833262
Alert Eyes,0.9265584970111016
Alert Eyes,0.9266524520255863
Alert Eyes,0.9267461669505963
Alert Eyes,0.9268707482993197
Alert Eyes,0.926963906581741
Alert Eyes,0.927087749046206
Alert Eyes,0.9271803556308214
Alert Eyes,0.9273034657650042
Alert Eyes,0.9274261603375528
Alert Eyes,0.927487352445194
Alert Eyes,0.9276094276094277
Tired Eyes,0.926890756302521
Alert Eyes,0.9265631556861099
Alert Eyes,0.9266862170087976
Alert Eyes,0.9259723964868256
Alert Eyes,0.9260960334029228
Alert Eyes,0.9261576971214017
Alert Eyes,0.92625
Alert Eyes,0.9262807163681799
Alert Eyes,0.9263114071606994
Alert Eyes,0.9263420724094882
Alert Eyes,0.9264033264033265
Alert Eyes,0.9264644786040714
Alert Eyes,0.9265560165975104
Alert Eyes,0.9265560165975104
Alert Eyes,0.9265560165975104
Alert Eyes,0.9265560165975104
Alert Eyes,0.9265560165975104
Alert Eyes,0.9265560165975104
Alert Eyes,0.9265560165975104
Alert Eyes,0.9265560165975104
Alert Eyes,0.9265560165975104
Alert Eyes,0.9265560165975104
Alert Eyes,0.9265560165975104
Alert Eyes,0.9265560165975104
Alert Eyes,0.9265560165975104
Alert Eyes,0.9265560165975104
Alert Eyes,0.9267080745341615
Alert Eyes,0.926829268292683
Tired Eyes,0.9265070189925682
Alert Eyes,0.9265676567656765
Alert Eyes,0.9266281945589447
Alert Eyes,0.9263071222725402
Tired Eyes,0.9259868421052632
Alert Eyes,0.9260780287474333
Alert Eyes,0.9262295081967213
Alert Eyes,0.9262295081967213
Alert Eyes,0.9262295081967213
Alert Eyes,0.9262295081967213
Alert Eyes,0.9262295081967213
Alert Eyes,0.9262295081967213
Alert Eyes,0.9262295081967213
Alert Eyes,0.9262295081967213
Alert Eyes,0.9262295081967213
Alert Eyes,0.9262295081967213
Alert Eyes,0.9262295081967213
Alert Eyes,0.9262295081967213
Alert Eyes,0.9262295081967213
Alert Eyes,0.9262295081967213
Alert Eyes,0.9262295081967213
Alert Eyes,0.9262295081967213
Alert Eyes,0.9262295081967213
Alert Eyes,0.9262295081967213
Tired Eyes,0.9255014326647565
Alert Eyes,0.9256232120964446
Alert Eyes,0.9257445940432476
Alert Eyes,0.9258353708231459
Alert Eyes,0.9259259259259259
Alert Eyes,0.926046322633076
Alert Eyes,0.926046322633076
Alert Eyes,0.926046322633076
Alert Eyes,0.926046322633076
Alert Eyes,0.926046322633076
Alert Eyes,0.926046322633076
Alert Eyes,0.926046322633076
Alert Eyes,0.9262261856505878
Alert Eyes,0.9262261856505878
Tired Eyes,0.9259708737864077
Alert Eyes,0.9260307194826193
Alert Eyes,0.9261203068227695
Alert Eyes,0.9262394195888755
Alert Eyes,0.9263581488933602
Alert Eyes,0.9264469453376206
Alert Eyes,0.9265060240963855
Alert Eyes,0.9266238973536488
Alert Eyes,0.9267413931144916
Alert Eyes,0.9268585131894485
Alert Eyes,0.926975259377494
Alert Eyes,0.9270916334661354
Alert Eyes,0.9272076372315036
Alert Eyes,0.9269261318506752
Alert Eyes,0.9269261318506752
Alert Eyes,0.9269261318506752
Alert Eyes,0.9270130900436335
Alert Eyes,0.9270130900436335
Alert Eyes,0.9270130900436335
Alert Eyes,0.9270130900436335
Alert Eyes,0.9270130900436335
Alert Eyes,0.9270130900436335
Alert Eyes,0.9270130900436335
Alert Eyes,0.9270998415213946
Alert Eyes,0.9271863870201821
Alert Eyes,0.9273014618727775
Alert Eyes,0.9274161735700197
Alert Eyes,0.9271366679795195
Alert Eyes,0.9272226593233674
Alert Eyes,0.927336999214454
Alert Eyes,0.9275078369905956
Alert Eyes,0.9276212832550861
Alert Eyes,0.9276778733385458
Alert Eyes,0.927734375
Alert Eyes,0.927485380116959
Alert Eyes,0.9272373540856031
Alert Eyes,0.9273221919937816
Alert Eyes,0.9274350019402406
Alert Eyes,0.927216415021293
Alert Eyes,0.926942404329339
Alert Eyes,0.9270833333333334
Tired Eyes,0.9267822736030829
Alert Eyes,0.9268386599922988
Alert Eyes,0.9269511726259131
Alert Eyes,0.9270353302611367
Alert Eyes,0.9267638036809815
Alert Eyes,0.9268199233716475
Alert Eyes,0.9269598470363288
Alert Eyes,0.9270714012982054
Alert Eyes,0.9271548436308161
Alert Eyes,0.9272103658536586
Alert Eyes,0.9273211567732116
Tired Eyes,0.9270516717325228
Alert Eyes,0.9271623672230652
Alert Eyes,0.9272451686244789
Alert Eyes,0.927355278093076
Tired Eyes,0.9267648169120423
Alert Eyes,0.9261492087415222
Alert Eyes,0.9258841234010534
Alert Eyes,0.9259954921111946
Alert Eyes,0.9256756756756757
Alert Eyes,0.9257871064467766
Alert Eyes,0.9258426966292135
Alert Eyes,0.9258982035928144
Alert Eyes,0.9259259259259259
Alert Eyes,0.925981308411215
Alert Eyes,0.9260642270351008
Alert Eyes,0.9261469600895188
Alert Eyes,0.9262020126723817
Alert Eyes,0.9259397097134351
Alert Eyes,0.9259947936035701
Alert Eyes,0.9260223048327137
Alert Eyes,0.9261047159301894
Alert Eyes,0.9258435298479792
Alert Eyes,0.9255831173639393
Alert Eyes,0.925638179800222
Alert Eyes,0.9253786479497599
Alert Eyes,0.9254887495389156
Alert Eyes,0.9255711127487104
Alert Eyes,0.9256532940743467
Alert Eyes,0.9257079808753218
Alert Eyes,0.925789860396767
Alert Eyes,0.9258715596330275
Alert Eyes,0.9259530791788856
Alert Eyes,0.9260344196265105
Tired Eyes,0.9257498171177762
Tired Eyes,0.9257498171177762
Tired Eyes,0.9257498171177762
Tired Eyes,0.9257498171177762
Alert Eyes,0.9254658385093167
Tired Eyes,0.9251824817518248
Alert Eyes,0.9252643091505651
Alert Eyes,0.925009100837277
Alert Eyes,0.9250909090909091
Alert Eyes,0.925172539048311
Alert Eyes,0.9252811026478056
Alert Eyes,0.9250271640709887
Alert Eyes,0.9250271640709887
Alert Eyes,0.9250271640709887
Alert Eyes,0.9250271640709887
Alert Eyes,0.9250271640709887
Alert Eyes,0.9250271640709887
Alert Eyes,0.9250271640709887
Alert Eyes,0.9250271640709887
Alert Eyes,0.9250271640709887
Alert Eyes,0.9250271640709887
Alert Eyes,0.9251356238698011
Alert Eyes,0.9252167630057804
Alert Eyes,0.9252977264525442
Alert Eyes,0.9254054054054054
Alert Eyes,0.9251529327096077
Alert Eyes,0.9252336448598131
Alert Eyes,0.925367778973807
Alert Eyes,0.9254747402364744
Alert Eyes,0.9249195566678584
Alert Eyes,0.9246697607997144
Alert Eyes,0.9247503566333809
Alert Eyes,0.9248039914468995
Alert Eyes,0.9248843004627981
Alert Eyes,0.9249377445748844
Tired Eyes,0.9246624022743426
Alert Eyes,0.9247159090909091
Alert Eyes,0.9247960269599149
Alert Eyes,0.9245216158752658
Alert Eyes,0.9246017699115044
Tired Eyes,0.9243013795542978
Alert Eyes,0.9243816254416961
Alert Eyes,0.9244350282485876
Alert Eyes,0.9244617013766325
Alert Eyes,0.9244883556810163
Alert Eyes,0.9245416078984485
Alert Eyes,0.9245682058512513
Alert Eyes,0.9246744104188666
Alert Eyes,0.9247538677918424
Alert Eyes,0.9248331577098701
Alert Eyes,0.9249122807017544
Alert Eyes,0.9249912372940764
Alert Eyes,0.9250437828371278
Alert Eyes,0.9247462373118656
Alert Eyes,0.9247988807275271
Alert Eyes,0.9248514505417686
Alert Eyes,0.9249301675977654
Alert Eyes,0.9250087199162889
Alert Eyes,0.92511320097527
Tired Eyes,0.9248172641837801
Alert Eyes,0.9245742092457421
Alert Eyes,0.9246527777777778
Alert Eyes,0.9247572815533981
Alert Eyes,0.9248094248094249
Alert Eyes,0.9245413637937002
Alert Eyes,0.9246196403872753
Alert Eyes,0.9246977547495682
Alert Eyes,0.9247237569060773
Alert Eyes,0.9247757073844031
Alert Eyes,0.9248016557433598
Alert Eyes,0.9248793935217091
Alert Eyes,0.9248793935217091
Alert Eyes,0.9249311294765841
Alert Eyes,0.9249311294765841
Alert Eyes,0.9249311294765841
Alert Eyes,0.9249311294765841
Alert Eyes,0.9249311294765841
Alert Eyes,0.9249311294765841
Alert Eyes,0.9249311294765841
Alert Eyes,0.9249311294765841
Alert Eyes,0.9249311294765841
Alert Eyes,0.9249311294765841
Alert Eyes,0.9249311294765841
Alert Eyes,0.9249311294765841
Alert Eyes,0.9249311294765841
Alert Eyes,0.9250343878954608
Alert Eyes,0.925111645482652
Alert Eyes,0.9252144082332762
Alert Eyes,0.9252656839218375
Alert Eyes,0.9252656839218375
Alert Eyes,0.9252656839218375
Alert Eyes,0.9252656839218375
Alert Eyes,0.9252656839218375
Alert Eyes,0.9252656839218375
Alert Eyes,0.9252656839218375
Alert Eyes,0.9252656839218375
Alert Eyes,0.9252656839218375
Alert Eyes,0.9253424657534246
Alert Eyes,0.925419089976052
Alert Eyes,0.9254955570745045
Alert Eyes,0.9255972696245733
Alert Eyes,0.9256480218281037
Alert Eyes,0.9254341164453525
Alert Eyes,0.9255102040816326
Alert Eyes,0.9255861365953109
Alert Eyes,0.9256114130434783
Alert Eyes,0.9256871394638616
Alert Eyes,0.9257375381485249
Alert Eyes,0.9254490003388682
Alert Eyes,0.9254490003388682
Alert Eyes,0.9254994920419912
Alert Eyes,0.9256002705444707
Alert Eyes,0.9256002705444707
Alert Eyes,0.9256756756756757
Alert Eyes,0.9257509281133985
Alert Eyes,0.9258010118043845
Alert Eyes,0.925826028320971
Alert Eyes,0.9258510279743849
Alert Eyes,0.9259259259259259
Alert Eyes,0.9259508582968697
Alert Eyes,0.926000672721157
Alert Eyes,0.9260752688172043
Alert Eyes,0.9261497146693521
Alert Eyes,0.926224010731053
Alert Eyes,0.9262981574539364
Alert Eyes,0.9262981574539364
Tired Eyes,0.9260127217944426
Alert Eyes,0.9261363636363636
Alert Eyes,0.9259012016021362
Tired Eyes,0.9256418806268756
Tired Eyes,0.9256418806268756
Tired Eyes,0.9256418806268756
Tired Eyes,0.9256418806268756
Alert Eyes,0.9257161892071952
Tired Eyes,0.9254575707154742
Tired Eyes,0.9254575707154742
Alert Eyes,0.9252243270189432
Alert Eyes,0.9252739953503819
Alert Eyes,0.9250165892501659
Alert Eyes,0.925115970841617
Tired Eyes,0.9248841826604898
Alert Eyes,0.9249586776859504
Alert Eyes,0.9249586776859504
Alert Eyes,0.9250330250990753
Alert Eyes,0.9251072253381722
Alert Eyes,0.9251072253381722
Alert Eyes,0.9251072253381722
Alert Eyes,0.9251072253381722
Alert Eyes,0.9251072253381722
Alert Eyes,0.9251072253381722
Alert Eyes,0.9251566106165513
Alert Eyes,0.9252551860388541
Alert Eyes,0.9253535021374548
Alert Eyes,0.9250985545335085
Alert Eyes,0.9251723006235641
Alert Eyes,0.9252459016393443
Alert Eyes,0.925343811394892
Alert Eyes,0.9254170755642787
Alert Eyes,0.9254901960784314
Alert Eyes,0.9256117455138663
Alert Eyes,0.9256602543201826
Alert Eyes,0.9254071661237785
Alert Eyes,0.9254557291666666
Alert Eyes,0.9251789199739753
Alert Eyes,0.9249268768280793
Alert Eyes,0.925
Alert Eyes,0.9251458198314971
Alert Eyes,0.9252185173195209
Alert Eyes,0.9252669039145908
Alert Eyes,0.9253152279340446
Alert Eyes,0.9253634894991922
Alert Eyes,0.9254357650096837
Alert Eyes,0.925483870967742
Alert Eyes,0.925531914893617
Alert Eyes,0.9255559136319691
Alert Eyes,0.9255559136319691
Alert Eyes,0.9256278171281391
Alert Eyes,0.925651754103637
Alert Eyes,0.925771208226221
Alert Eyes,0.9258664955070603
Alert Eyes,0.9259378005771081
Alert Eyes,0.9260326609029779
Tired Eyes,0.9255115089514067
Alert Eyes,0.9256066411238825
Alert Eyes,0.9256778309409889
Alert Eyes,0.9257252151737329
Alert Eyes,0.9254777070063694
Alert Eyes,0.9252306713331212
Tired Eyes,0.9249841068022886
Alert Eyes,0.925007944073721
Alert Eyes,0.9250317662007624
Alert Eyes,0.9250793650793651
Alert Eyes,0.9251506501744371
Alert Eyes,0.9252217997465145
Alert Eyes,0.9252928141817031
Alert Eyes,0.9253164556962026
Alert Eyes,0.9253400822524518
Alert Eyes,0.9254108723135271
Alert Eyes,0.9251657720239975
Alert Eyes,0.9251893939393939
Alert Eyes,0.9252130009466709
Alert Eyes,0.9252365930599369
Alert Eyes,0.9252837326607818
Alert Eyes,0.9253072801764891
Alert Eyes,0.9254013220018886
Alert Eyes,0.9254716981132075
Alert Eyes,0.925251256281407
Alert Eyes,0.9252981795354677
Tired Eyes,0.9250313676286073
Tired Eyes,0.924812030075188
Alert Eyes,0.9248826291079812
Tired Eyes,0.9246168282765093
Alert Eyes,0.9246875
Alert Eyes,0.9247580393381205
Alert Eyes,0.924804992199688
Alert Eyes,0.9248753117206983
Alert Eyes,0.9249454998442853
Alert Eyes,0.9249454998442853
Alert Eyes,0.9250155569383945
Tired Eyes,0.9247512437810945
Tired Eyes,0.9247512437810945
Tired Eyes,0.9247512437810945
Tired Eyes,0.9247512437810945
Tired Eyes,0.9247512437810945
Tired Eyes,0.9247512437810945
Tired Eyes,0.9247512437810945
Tired Eyes,0.9247512437810945
Tired Eyes,0.9247512437810945
Tired Eyes,0.9247512437810945
Tired Eyes,0.9247512437810945
Tired Eyes,0.9247512437810945
Tired Eyes,0.9247512437810945
Tired Eyes,0.9247512437810945
Alert Eyes,0.9244872591671845
Alert Eyes,0.9245341614906832
Tired Eyes,0.924317617866005
Alert Eyes,0.9243645381277124
Alert Eyes,0.9244114002478315
Alert Eyes,0.9244582043343653
Alert Eyes,0.9245283018867925
Alert Eyes,0.9243360098826436
Tired Eyes,0.9241209130166563
Alert Eyes,0.924191063174114
Alert Eyes,0.9242610837438424
Alert Eyes,0.9243309750845894
Alert Eyes,0.9241167434715822
Alert Eyes,0.9242331288343558
Tired Eyes,0.923973022685469
Tired Eyes,0.9237366003062787
Tired Eyes,0.9237366003062787
Tired Eyes,0.9237366003062787
Tired Eyes,0.9237366003062787
Tired Eyes,0.9237366003062787
Tired Eyes,0.9237366003062787
Tired Eyes,0.9237366003062787
Alert Eyes,0.9238066095471236
Alert Eyes,0.923923006416132
Alert Eyes,0.923992673992674
Alert Eyes,0.9240853658536585
Alert Eyes,0.9242239805234328
Alert Eyes,0.9240352476450927
Alert Eyes,0.9241274658573596
Alert Eyes,0.9238932686476653
Alert Eyes,0.9240084771419921
Alert Eyes,0.9241233373639661
Tired Eyes,0.9239130434782609
Alert Eyes,0.9240048250904704
Alert Eyes,0.9240963855421687
Alert Eyes,0.924187725631769
Alert Eyes,0.9242788461538461
Alert Eyes,0.9243697478991597
Alert Eyes,0.9241379310344827
Alert Eyes,0.9242288110212639
Alert Eyes,0.9243647234678625
Alert Eyes,0.9244324970131422
Alert Eyes,0.9245001492091913
Alert Eyes,0.9245676803816338
Alert Eyes,0.92463509085493
Alert Eyes,0.924702380952381
Alert Eyes,0.92481426448737
Alert Eyes,0.9249258160237389
Alert Eyes,0.9250148192056906
Alert Eyes,0.9251036116044997
Alert Eyes,0.9252143068282589
Alert Eyes,0.9253026276941246
Alert Eyes,0.9254566882734236
Alert Eyes,0.9255444379046498
Alert Eyes,0.9256319811875368
Alert Eyes,0.9257411212210156
Alert Eyes,0.9258282028730578
Alert Eyes,0.9259367681498829
Alert Eyes,0.9257527038877521
Alert Eyes,0.9255474452554745
Alert Eyes,0.925569176882662
Alert Eyes,0.9256342957130359
Alert Eyes,0.925764192139738
Alert Eyes,0.9258289703315882
Alert Eyes,0.9258720930232558
Alert Eyes,0.9260226283724978
Alert Eyes,0.9258400926998841
Alert Eyes,0.925883034163289
Alert Eyes,0.9259473531964131
Alert Eyes,0.9259901705695288
Alert Eyes,0.9260543038705951
Alert Eyes,0.9261396422388921
Alert Eyes,0.9261822376009228
Alert Eyes,0.9262460386055892
Alert Eyes,0.9262885113734524
Alert Eyes,0.9263521288837745
Alert Eyes,0.9264156366772061
Alert Eyes,0.926457914392416
Alert Eyes,0.9265212399540758
Alert Eyes,0.9265844565529108
Alert Eyes,0.926647564469914
Alert Eyes,0.9267315397824842
Alert Eyes,0.9268362389254072
Alert Eyes,0.9268780348471866
Alert Eyes,0.926919783043106
Alert Eyes,0.9269823160296634
Alert Eyes,0.9267806267806268
Alert Eyes,0.9265793966989186
Alert Eyes,0.9266628766344513
Alert Eyes,0.9267045454545455
Alert Eyes,0.9267669599772921
Alert Eyes,0.9268500141763538
Alert Eyes,0.9269328802039083
Alert Eyes,0.9269949066213922
Alert Eyes,0.9270774448841154
Alert Eyes,0.9271392262072861
Alert Eyes,0.9272009029345373
Alert Eyes,0.9272624753312658
Alert Eyes,0.9273034657650042
Alert Eyes,0.927344410025345
Alert Eyes,0.9273853081902618
Alert Eyes,0.9274261603375528
Alert Eyes,0.9274465691788526
Alert Eyes,0.927247191011236
Alert Eyes,0.9273288439955106
Alert Eyes,0.9271300448430493
Alert Eyes,0.9269521410579346
Alert Eyes,0.9267132867132867
Alert Eyes,0.9267542633491753
Alert Eyes,0.9267951941883208
Alert Eyes,0.9266183035714286
Alert Eyes,0.9267001114827201
Alert Eyes,0.9267817371937639
Alert Eyes,0.9268631813125695
Alert Eyes,0.9269038354641468
Alert Eyes,0.9267073847862298
Alert Eyes,0.9267683772538141
Alert Eyes,0.9268495428096426
Tired Eyes,0.9263769720453916
Alert Eyes,0.9264583909317113
Alert Eyes,0.9265396299364816
Alert Eyes,0.9266004415011038
Alert Eyes,0.9266813671444322
Alert Eyes,0.926762114537445
Alert Eyes,0.9268024215740231
Alert Eyes,0.9268426842684269
Alert Eyes,0.9268829026937878
Alert Eyes,0.9269431474869542
Alert Eyes,0.9269832555586055
Alert Eyes,0.9267489711934156
Alert Eyes,0.9268493150684931
Alert Eyes,0.9266356419381331
Alert Eyes,0.9266757865937072
Alert Eyes,0.9267158873393492
Alert Eyes,0.926775956284153
Alert Eyes,0.9268359268359269
Alert Eyes,0.9268758526603001
Alert Eyes,0.9269356597600873
Tired Eyes,0.9267229637700899
Alert Eyes,0.9267429193899782
Alert Eyes,0.9267429193899782
Alert Eyes,0.9267429193899782
Alert Eyes,0.9267429193899782
Alert Eyes,0.9267429193899782
Alert Eyes,0.9267429193899782
Alert Eyes,0.9267429193899782
Alert Eyes,0.9267429193899782
Alert Eyes,0.9267429193899782
Alert Eyes,0.9267429193899782
Alert Eyes,0.9267429193899782
Alert Eyes,0.926550598476605
Alert Eyes,0.9265905383360522
Alert Eyes,0.9266901982079826
Alert Eyes,0.9267498643516007
Alert Eyes,0.9267895878524945
Tired Eyes,0.9266179258055781
Alert Eyes,0.926657645466847
Tired Eyes,0.92644672796106
Alert Eyes,0.9265063496352337
Alert Eyes,0.9265658747300216
Alert Eyes,0.9265856950067476
Alert Eyes,0.9266253034799029
Alert Eyes,0.9266648692369911
Alert Eyes,0.9267043923470762
Alert Eyes,0.9267043923470762
Alert Eyes,0.9267438728790736
Alert Eyes,0.9265141318977119
Alert Eyes,0.9265339074273412
Alert Eyes,0.9265931702070449
Alert Eyes,0.9266720386784851
Alert Eyes,0.926731078904992
Alert Eyes,0.9267703862660944
Alert Eyes,0.926829268292683
Alert Eyes,0.9268684703991428
Alert Eyes,0.9268880557043385
Alert Eyes,0.9269271948608137
Alert Eyes,0.9269467487289269
Alert Eyes,0.9269467487289269
Alert Eyes,0.9270053475935829
Alert Eyes,0.9270638525247128
Alert Eyes,0.9271222637479979
Alert Eyes,0.9271611526147279
Alert Eyes,0.9269333333333334
Alert Eyes,0.9269722814498934
Alert Eyes,0.9269722814498934
Alert Eyes,0.9270306258322237
Alert Eyes,0.9270888770622672
Tired Eyes,0.9268617021276596
Alert Eyes,0.9269200106298167
Alert Eyes,0.9269588313413014
Alert Eyes,0.9269976108308999
Alert Eyes,0.9270557029177718
Alert Eyes,0.9271137026239067
Tired Eyes,0.9269261318506752
Alert Eyes,0.926984126984127
Tired Eyes,0.9267970401691332
Alert Eyes,0.9268550303670452
Alert Eyes,0.9266490765171504
Alert Eyes,0.9266877637130801
Alert Eyes,0.9266877637130801
Alert Eyes,0.9267650158061117
Alert Eyes,0.9265982636148382
Alert Eyes,0.9266561514195584
Alert Eyes,0.9267139479905437
Alert Eyes,0.926771653543307
Alert Eyes,0.9268100734522561
Tired Eyes,0.926343381389253
Alert Eyes,0.9264012572027239
Alert Eyes,0.9262166405023547
Alert Eyes,0.9262745098039216
Alert Eyes,0.926090363019065
Alert Eyes,0.9261289480553381
Alert Eyes,0.9261289480553381
Alert Eyes,0.9261289480553381
Alert Eyes,0.9261289480553381
Alert Eyes,0.9261289480553381
Alert Eyes,0.9261289480553381
Tired Eyes,0.9259066005739629
Alert Eyes,0.9259452411994785
Alert Eyes,0.925983841542872
Alert Eyes,0.9260416666666667
Alert Eyes,0.9260994015092375
Alert Eyes,0.9260994015092375
Alert Eyes,0.9261186264308012
Tired Eyes,0.9256370254810192
Tired Eyes,0.9251753702260327
Alert Eyes,0.9249545572578551
Alert Eyes,0.9250324254215305
Alert Eyes,0.9248315189217211
Alert Eyes,0.9246113989637306
Alert Eyes,0.9246894409937888
Alert Eyes,0.9247284014485256
Alert Eyes,0.9247867666063583
Alert Eyes,0.9248256264531128
Alert Eyes,0.9248838409912236
Alert Eyes,0.9249613202681795
Alert Eyes,0.925
Alert Eyes,0.9248004120525367
Alert Eyes,0.9248777977874968
Alert Eyes,0.9249357326478149
Alert Eyes,0.9249550244153174
Alert Eyes,0.9249935782173131
Alert Eyes,0.9250320924261874
Alert Eyes,0.9248139594559918
Alert Eyes,0.924852526288792
Alert Eyes,0.9248717948717948
Alert Eyes,0.9249295413784269
Alert Eyes,0.9249871991807476
Alert Eyes,0.9247889485801996
Alert Eyes,0.9248466257668712
Alert Eyes,0.9246487867177522
Alert Eyes,0.9246487867177522
Alert Eyes,0.9247064828994385
Alert Eyes,0.9247064828994385
Alert Eyes,0.9247064828994385
Alert Eyes,0.9247064828994385
Alert Eyes,0.924764090793165
Alert Eyes,0.9248216106014271
Alert Eyes,0.9248599083036169
Alert Eyes,0.9249172817510817
Alert Eyes,0.9249554820656322
Alert Eyes,0.924739384693618
Alert Eyes,0.9247967479674797
Alert Eyes,0.9248540238639249
Alert Eyes,0.9249492900608519
Alert Eyes,0.9250443150164599
Alert Eyes,0.9249431387414708
Alert Eyes,0.9247854618879354
Alert Eyes,0.9246281825056718
Alert Eyes,0.9247420085577649
Alert Eyes,0.9247987927565392
Alert Eyes,0.9246231155778895
Alert Eyes,0.9247176913425345
Alert Eyes,0.9245991983967936
Alert Eyes,0.9246746746746747
Alert Eyes,0.9245188702824294
Alert Eyes,0.9243256743256744
Alert Eyes,0.9243634548177734
Alert Eyes,0.9244200548765278
Alert Eyes,0.9244765702891325
Alert Eyes,0.92453300124533
Alert Eyes,0.9245705750560119
Alert Eyes,0.9246456105446407
Alert Eyes,0.9246830723340791
Alert Eyes,0.9247204968944099
Tired Eyes,0.9242800397219464
Alert Eyes,0.9243363929546018
Alert Eyes,0.9243739151996033
Alert Eyes,0.9244488481545702
Tired Eyes,0.924219910846954
Alert Eyes,0.9240850642927795
Alert Eyes,0.9239318350209929
Alert Eyes,0.9239881539980257
Alert Eyes,0.9240256536753824
Alert Eyes,0.9240631163708086
Alert Eyes,0.9241379310344827
Alert Eyes,0.9241566116720019
Alert Eyes,0.9241752831117676
Alert Eyes,0.9239852398523986
Alert Eyes,0.9240226210966315
Alert Eyes,0.9240599655935119
Alert Eyes,0.9241345445617482
Alert Eyes,0.9241345445617482
Alert Eyes,0.9241345445617482
Alert Eyes,0.9241345445617482
Alert Eyes,0.9241345445617482
Alert Eyes,0.9241345445617482
Alert Eyes,0.9241345445617482
Alert Eyes,0.9241345445617482
Alert Eyes,0.9241345445617482
Alert Eyes,0.9241345445617482
Alert Eyes,0.9241345445617482
Alert Eyes,0.9241345445617482
Alert Eyes,0.9241345445617482
Alert Eyes,0.9241345445617482
Alert Eyes,0.9241345445617482
Alert Eyes,0.9241345445617482
Alert Eyes,0.9241345445617482
Alert Eyes,0.9241345445617482
Alert Eyes,0.9241345445617482
Alert Eyes,0.9241345445617482
Alert Eyes,0.9241345445617482
Alert Eyes,0.9241345445617482
Alert Eyes,0.9241345445617482
Alert Eyes,0.9241345445617482
Alert Eyes,0.9241345445617482
Alert Eyes,0.9241345445617482
Alert Eyes,0.9241345445617482
Alert Eyes,0.9241345445617482
Alert Eyes,0.9241345445617482
Alert Eyes,0.9241345445617482
Alert Eyes,0.9241345445617482
Alert Eyes,0.9241345445617482
Alert Eyes,0.9241345445617482
Alert Eyes,0.9241345445617482
Alert Eyes,0.9241345445617482
Alert Eyes,0.9239450441609421
Alert Eyes,0.9240196078431373
Alert Eyes,0.9240754347293657
Alert Eyes,0.9241126070991432
Alert Eyes,0.9241311796377876
Alert Eyes,0.9241682974559687
Alert Eyes,0.9239980449657869
Alert Eyes,0.924072265625
Alert Eyes,0.9241463414634147
Alert Eyes,0.924183325207216
Alert Eyes,0.9242018035583719
Alert Eyes,0.9242202729044834
Alert Eyes,0.9242571846078909
Alert Eyes,0.924330900243309
Alert Eyes,0.9243677042801557
Alert Eyes,0.9244044725328148
Alert Eyes,0.9244595579305319
Alert Eyes,0.9245511887433285
Alert Eyes,0.924642597528471
Alert Eyes,0.9244917715392061
Alert Eyes,0.9246012566457226
Alert Eyes,0.9246740704973443
Alert Eyes,0.9247467438494935
Alert Eyes,0.9248735853599808
Tired Eyes,0.924741524404905
Alert Eyes,0.9248499399759904
Alert Eyes,0.9247182929753057
Alert Eyes,0.9245689655172413
Alert Eyes,0.9246591724467831
Alert Eyes,0.9244741873804971
Alert Eyes,0.9245463228271251
Alert Eyes,0.9246542680019075
Alert Eyes,0.9247081248510841
Alert Eyes,0.9247619047619048
Alert Eyes,0.9247977153736316
Alert Eyes,0.9248156078991197
Alert Eyes,0.9248692344270091
Alert Eyes,0.9249227845093847
Alert Eyes,0.9249762583095916
Alert Eyes,0.9250296559905101
Alert Eyes,0.9250829777145566
Alert Eyes,0.9250829777145566
Alert Eyes,0.9251184834123223
Alert Eyes,0.9251184834123223
Alert Eyes,0.9251184834123223
Alert Eyes,0.9251184834123223
Alert Eyes,0.9251184834123223
Alert Eyes,0.9247159090909091
Alert Eyes,0.9247515380974917
Tired Eyes,0.924550614947966
Alert Eyes,0.9243498817966903
Tired Eyes,0.9241493383742911
Alert Eyes,0.9241851676901275
Alert Eyes,0.9242388482416805
Alert Eyes,0.9242388482416805
Alert Eyes,0.9242388482416805
Alert Eyes,0.9242388482416805
Alert Eyes,0.9242388482416805
Alert Eyes,0.9242388482416805
Alert Eyes,0.9242388482416805
Alert Eyes,0.9242388482416805
Alert Eyes,0.9242388482416805
Alert Eyes,0.9242388482416805
Alert Eyes,0.9242388482416805
Alert Eyes,0.9242388482416805
Alert Eyes,0.9242388482416805
Alert Eyes,0.9242388482416805
Alert Eyes,0.9242388482416805
Alert Eyes,0.9242388482416805
Alert Eyes,0.9242388482416805
Alert Eyes,0.9242388482416805
Alert Eyes,0.9242388482416805
Alert Eyes,0.9240924092409241
Alert Eyes,0.9241460541813898
Alert Eyes,0.92418177537085
Alert Eyes,0.92418177537085
Alert Eyes,0.92418177537085
Alert Eyes,0.924
Alert Eyes,0.924
Alert Eyes,0.924
Alert Eyes,0.924
Alert Eyes,0.9240178781463185
Alert Eyes,0.9240178781463185
Alert Eyes,0.923836389280677
Alert Eyes,0.9238900634249472
Alert Eyes,0.923943661971831
Alert Eyes,0.924015009380863
Alert Eyes,0.9238340754628545
Alert Eyes,0.9238875878220141
Alert Eyes,0.9239588207767899
Alert Eyes,0.9240476746903482
Tired Eyes,0.9238673517048108
Alert Eyes,0.9239206534422404
Alert Eyes,0.9239561464893865
Alert Eyes,0.924009324009324
Alert Eyes,0.924009324009324
Alert Eyes,0.924009324009324
Alert Eyes,0.9240624272070813
Alert Eyes,0.9241331161275308
Tired Eyes,0.923738665426645
Alert Eyes,0.9237918215613383
Alert Eyes,0.9238449036452286
Alert Eyes,0.9239155648341452
Alert Eyes,0.923968474733426
Alert Eyes,0.9240213110956683
Alert Eyes,0.924074074074074
Alert Eyes,0.9239306358381503
Alert Eyes,0.9239833641404805
Alert Eyes,0.9240535549399815
Alert Eyes,0.9241236162361623
Alert Eyes,0.9241935483870968
Tired Eyes,0.9240506329113924
Alert Eyes,0.9241553665823948
Alert Eyes,0.9242250287026407
Alert Eyes,0.9242945629731589
Alert Eyes,0.9243639697455879
Alert Eyes,0.924433249370277
Alert Eyes,0.92451967063129
Alert Eyes,0.9246231155778895
Alert Eyes,0.9240766073871409
Alert Eyes,0.9241457858769931
Alert Eyes,0.9241975870703392
Alert Eyes,0.9242493175614195
Alert Eyes,0.9243353783231084
Alert Eyes,0.9243697478991597
Alert Eyes,0.9244040862656072
Alert Eyes,0.9244555353901996
Alert Eyes,0.9244726695395782
Alert Eyes,0.9245240253853128
Alert Eyes,0.9245411284840245
Alert Eyes,0.9245582238332578
Alert Eyes,0.9245923913043478
Alert Eyes,0.9246606334841629
Alert Eyes,0.924711734117115
Alert Eyes,0.9247457627118644
Alert Eyes,0.9247797605601987
Alert Eyes,0.9247797605601987
Alert Eyes,0.9246049661399548
Alert Eyes,0.9246559891721182
Alert Eyes,0.9244815148782687
Alert Eyes,0.9243072764136067
Tired Eyes,0.9241332733003151
Alert Eyes,0.9241674167416741
Alert Eyes,0.9242015294646874
Alert Eyes,0.9242356115107914
Alert Eyes,0.9242866771512019
Alert Eyes,0.9243206826858298
Alert Eyes,0.9243716337522442
Alert Eyes,0.9244394618834081
Alert Eyes,0.9244902531929196
Alert Eyes,0.9245409762651142
Alert Eyes,0.9246085011185682
Alert Eyes,0.9242119382964453
Alert Eyes,0.9240393208221627
Alert Eyes,0.9238839285714285
Alert Eyes,0.9239348650457283
Alert Eyes,0.9239348650457283
Alert Eyes,0.9239857333927776
Alert Eyes,0.9240365337491646
Alert Eyes,0.924087266251113
Alert Eyes,0.9241379310344827
Alert Eyes,0.9239662072032014
Alert Eyes,0.9240337627721013
Alert Eyes,0.9241011984021305
Alert Eyes,0.9241516966067864
Alert Eyes,0.9242021276595744
Alert Eyes,0.924235711120957
Alert Eyes,0.9242860305512508
Alert Eyes,0.9243195397211772
Alert Eyes,0.9243697478991597
Alert Eyes,0.9243697478991597
Alert Eyes,0.9243697478991597
Alert Eyes,0.9243697478991597
Alert Eyes,0.9243697478991597
Alert Eyes,0.9243697478991597
Alert Eyes,0.9243697478991597
Alert Eyes,0.9244031830238727
Alert Eyes,0.924469964664311
Alert Eyes,0.924469964664311
Alert Eyes,0.9244866416427467
Alert Eyes,0.9245033112582781
Alert Eyes,0.9245033112582781
Alert Eyes,0.9245532759761748
Alert Eyes,0.9246197928146352
Alert Eyes,0.9246364037020715
Alert Eyes,0.9246696035242291
Alert Eyes,0.9247359154929577
Tired Eyes,0.9245656476797889
Tired Eyes,0.9243956043956044
Tired Eyes,0.92403951701427
Alert Eyes,0.9238701184730145
Alert Eyes,0.9239368697939501
Alert Eyes,0.923986856516977
Alert Eyes,0.9240367775831874
Alert Eyes,0.9240700218818381
Alert Eyes,0.9241364232619151
Alert Eyes,0.9242027086063783
Alert Eyes,0.924235807860262
Alert Eyes,0.9242688782191183
Alert Eyes,0.9243184296619411
Alert Eyes,0.9243679163034002
Alert Eyes,0.9244337979094077
Alert Eyes,0.9244666956900305
Alert Eyes,0.9244995648389904
Alert Eyes,0.9245488149597738
Alert Eyes,0.9245980008691873
Tired Eyes,0.9244299674267101
Alert Eyes,0.9244791666666666
Alert Eyes,0.9245283018867925
Alert Eyes,0.9245937161430119
Alert Eyes,0.9246590171032691
Alert Eyes,0.9246590171032691
Alert Eyes,0.9247079186499351
Alert Eyes,0.9247404844290658
Tired Eyes,0.9245731575534903
Alert Eyes,0.9246057463815078
Alert Eyes,0.9246545768566494
Alert Eyes,0.9246545768566494
Alert Eyes,0.9246545768566494
Alert Eyes,0.9246545768566494
Alert Eyes,0.9246870953819595
Alert Eyes,0.9246870953819595
Alert Eyes,0.9246870953819595
Alert Eyes,0.9245201638990727
Alert Eyes,0.9245527053244234
Alert Eyes,0.9245852187028658
Alert Eyes,0.9245852187028658
Alert Eyes,0.9245852187028658
Alert Eyes,0.9244186046511628
Alert Eyes,0.9244186046511628
Alert Eyes,0.9244186046511628
Alert Eyes,0.9244186046511628
Alert Eyes,0.9244186046511628
Alert Eyes,0.9244186046511628
Alert Eyes,0.9242359018510546
Alert Eyes,0.9242685025817556
Alert Eyes,0.9243173511072887
Alert Eyes,0.9243498817966903
Alert Eyes,0.9243498817966903
Alert Eyes,0.9243986254295533
Alert Eyes,0.9244473062889031
Alert Eyes,0.9240832082350419
Alert Eyes,0.9241482751232055
Alert Eyes,0.9241970021413276
Alert Eyes,0.9242618741976893
Alert Eyes,0.9243104554201411
Alert Eyes,0.9243428082923701
Alert Eyes,0.924161503952147
Alert Eyes,0.9242262540021344
Alert Eyes,0.9243070362473348
Alert Eyes,0.9243554229703814
Alert Eyes,0.9244037478705281
Alert Eyes,0.9244359301830566
Alert Eyes,0.9245162662130555
Tired Eyes,0.9243679626088804
Alert Eyes,0.9244321800042454
Alert Eyes,0.9242681374628765
Alert Eyes,0.9243002544529262
Alert Eyes,0.9243323442136498
Alert Eyes,0.924364406779661
Alert Eyes,0.9244124497141647
Alert Eyes,0.9244764121006981
Alert Eyes,0.9245243128964059
Alert Eyes,0.9246040126715945
Alert Eyes,0.9246517517940059
Alert Eyes,0.9247153099957823
Alert Eyes,0.9247629083245522
Alert Eyes,0.9248262792166771
Alert Eyes,0.9248737373737373
Alert Eyes,0.9248737373737373
Alert Eyes,0.9248895434462445
Alert Eyes,0.9249211356466877
Alert Eyes,0.924968474148802
Alert Eyes,0.9250157529930687
Alert Eyes,0.925047239134999
Alert Eyes,0.9250786988457502
Alert Eyes,0.9251258389261745
Alert Eyes,0.9251886001676446
Alert Eyes,0.9252199413489736
Alert Eyes,0.925251256281407
Alert Eyes,0.9252825449979071
Alert Eyes,0.9253138075313807
Alert Eyes,0.9253450439146801
Alert Eyes,0.925376254180602
Alert Eyes,0.9252297410192147
Alert Eyes,0.9252921535893155
Alert Eyes,0.9251615593079008
Alert Eyes,0.9250312369845898
Alert Eyes,0.9250624479600333
Alert Eyes,0.9251092157270647
Alert Eyes,0.9249636250259822
Alert Eyes,0.9246105919003115
Tired Eyes,0.9244499792444998
Alert Eyes,0.9243209620568111
Alert Eyes,0.9243680066307501
Alert Eyes,0.9244149927521226
Alert Eyes,0.9244619205298014
Alert Eyes,0.9245244003308519
Alert Eyes,0.9245867768595041
Alert Eyes,0.9246179264766625
Alert Eyes,0.9246646026831785
Alert Eyes,0.9247112211221122
Alert Eyes,0.9245671887881286
Alert Eyes,0.9246293245469522
Alert Eyes,0.9246913580246914
Alert Eyes,0.9247378161628624
Alert Eyes,0.9247687564234327
Alert Eyes,0.9248151191454396
Alert Eyes,0.9246561281051119
Alert Eyes,0.9247333880229697
Alert Eyes,0.9246056136037697
Alert Eyes,0.9246519246519247
Alert Eyes,0.9246673490276356
Alert Eyes,0.9246827670896439
Alert Eyes,0.9247289834321947
Alert Eyes,0.9243663123466884
Alert Eyes,0.9243972210870454
Alert Eyes,0.9244435368593016
Alert Eyes,0.9245359983683459
Alert Eyes,0.9246742671009772
Alert Eyes,0.9245474883058775
Alert Eyes,0.9246394474913671
Alert Eyes,0.9245283018867925
Alert Eyes,0.9243867828907358
Alert Eyes,0.9244327390599676
Alert Eyes,0.924493927125506
Alert Eyes,0.9243527508090615
Alert Eyes,0.9244139046079224
Alert Eyes,0.9244749596122779
Alert Eyes,0.9245054501412999
Alert Eyes,0.9245511398022997
Alert Eyes,0.924627166465135
Alert Eyes,0.9246727089627391
Alert Eyes,0.9245169082125604
Tired Eyes,0.924361295513981
Alert Eyes,0.924391715262417
Alert Eyes,0.9244221105527638
Alert Eyes,0.9244979919678715
Alert Eyes,0.9241573033707865
Alert Eyes,0.924187725631769
Alert Eyes,0.9242484969939879
Alert Eyes,0.9242484969939879
Tired Eyes,0.9238934508311636
Alert Eyes,0.9237542525515309
Alert Eyes,0.9237542525515309
Alert Eyes,0.9237542525515309
Alert Eyes,0.9237542525515309
Alert Eyes,0.9237542525515309
Alert Eyes,0.9237542525515309
Alert Eyes,0.9237542525515309
Alert Eyes,0.9237542525515309
Alert Eyes,0.9237542525515309
Alert Eyes,0.9237542525515309
Alert Eyes,0.9237542525515309
Alert Eyes,0.9237542525515309
Alert Eyes,0.9237542525515309
Alert Eyes,0.9236152769446111
Alert Eyes,0.923691570115861
Alert Eyes,0.92375249500998
Tired Eyes,0.9232303090727817
Alert Eyes,0.9232914923291492
Tired Eyes,0.9229390681003584
Alert Eyes,0.9228014325507362
Alert Eyes,0.9226486379001789
Alert Eyes,0.9227101132525333
Alert Eyes,0.9227714909668453
Alert Eyes,0.9227714909668453
Alert Eyes,0.9226190476190477
Alert Eyes,0.9226190476190477
Alert Eyes,0.9226190476190477
Alert Eyes,0.9226190476190477
Alert Eyes,0.9226190476190477
Alert Eyes,0.9226650803093397
Alert Eyes,0.922726372102239
Alert Eyes,0.9225895862205504
Alert Eyes,0.9224683544303798
Alert Eyes,0.9225296442687747
Alert Eyes,0.9224086870681145
Alert Eyes,0.9224546172059984
Alert Eyes,0.9225004929994084
Alert Eyes,0.9225768321513003
Alert Eyes,0.9226377952755905
Alert Eyes,0.9225324419976406
Alert Eyes,0.9222614840989399
Alert Eyes,0.9223529411764706
Alert Eyes,0.9222787783868441
Alert Eyes,0.922324398356486
Alert Eyes,0.9221896383186706
Alert Eyes,0.9220550888845478
Alert Eyes,0.9221159476869022
Alert Eyes,0.9221615294576668
Tired Eyes,0.9218628215120811
Alert Eyes,0.921878044028833
Alert Eyes,0.9219540677306345
Tired Eyes,0.9218355045693175
Alert Eyes,0.921732375218489
Alert Eyes,0.9218083042297245
Alert Eyes,0.9218689414501745
Alert Eyes,0.9218992248062016
Alert Eyes,0.9219446058493124
Alert Eyes,0.9220201238390093
Alert Eyes,0.9220653645329724
Alert Eyes,0.9219625265597836
Alert Eyes,0.9220528651360216
Alert Eyes,0.9219352351580571
Alert Eyes,0.9220103986135182
Alert Eyes,0.9220704252453339
Alert Eyes,0.9221303595462411
Alert Eyes,0.9219980787704131
Alert Eyes,0.9220430107526881
Tired Eyes,0.921925954344907
Tired Eyes,0.9218091222690686
Alert Eyes,0.9217224880382775
Alert Eyes,0.9217823675655001
Alert Eyes,0.9216660298051204
Alert Eyes,0.9217258495609011
Alert Eyes,0.921594811140786
Alert Eyes,0.9212733511246665
Alert Eyes,0.9211428571428572
Alert Eyes,0.9211878926327812
Tired Eyes,0.9210275927687916
Alert Eyes,0.9210726511981742
Alert Eyes,0.9211176582398783
Alert Eyes,0.9211476344290329
Alert Eyes,0.9211775878442545
Alert Eyes,0.9212224753227031
Tired Eyes,0.921092564491654
Alert Eyes,0.9209628506444276
Alert Eyes,0.9210227272727273
Alert Eyes,0.9210675752413402
Alert Eyes,0.9209531013615734
Alert Eyes,0.9210128495842782
Tired Eyes,0.920853796751039
Alert Eyes,0.9207547169811321
Alert Eyes,0.9208294062205467
Alert Eyes,0.9208890563194575
Alert Eyes,0.9209634926608957
Alert Eyes,0.9210377890580936
Alert Eyes,0.921097125681007
Alert Eyes,0.9211415696582801
Tired Eyes,0.9208106586601614
Alert Eyes,0.9206825426589161
Alert Eyes,0.9207419898819561
Alert Eyes,0.9207716800899045
Alert Eyes,0.9208309938236946
Alert Eyes,0.9208902188142883
Alert Eyes,0.920949355260699
Alert Eyes,0.9210084033613445
Alert Eyes,0.9208659947741694
Alert Eyes,0.9209397725153832
Alert Eyes,0.9209397725153832
Alert Eyes,0.9210134128166915
Alert Eyes,0.9210575311859989
Alert Eyes,0.9211016002977298
Alert Eyes,0.9211895910780669
Alert Eyes,0.9211895910780669
Alert Eyes,0.9210624071322436
Alert Eyes,0.9211210096510765
Alert Eyes,0.9211941405525681
Alert Eyes,0.9212671359762875
Alert Eyes,0.9212671359762875
Alert Eyes,0.9213399962983527
Alert Eyes,0.9213399962983527
Alert Eyes,0.9213981875346773
Alert Eyes,0.9214562927370172
Alert Eyes,0.9215143120960295
Alert Eyes,0.9215577703949797
Alert Eyes,0.9216011805939863
Alert Eyes,0.9216300940438872
Alert Eyes,0.9216878570112401
Alert Eyes,0.9217455348922851
Alert Eyes,0.921803127874885
Alert Eyes,0.9218606361463504
Alert Eyes,0.9219180598934411
Alert Eyes,0.9219753993023683
Alert Eyes,0.9220469552457814
Alert Eyes,0.9221041055718475
Alert Eyes,0.9221469133540942
Alert Eyes,0.9222039172615779
Alert Eyes,0.9222039172615779
Alert Eyes,0.9222039172615779
Alert Eyes,0.9222039172615779
Alert Eyes,0.9222039172615779
Alert Eyes,0.9222039172615779
Alert Eyes,0.9222039172615779
Alert Eyes,0.9222039172615779
Alert Eyes,0.9222892667763759
Alert Eyes,0.9223460624885803
Alert Eyes,0.9224311005657967
Alert Eyes,0.9225159525979946
Alert Eyes,0.9225865209471766
Alert Eyes,0.9226428831452493
Alert Eyes,0.9226851009641622
Alert Eyes,0.9226851009641622
Alert Eyes,0.9226851009641622
Alert Eyes,0.9226851009641622
Alert Eyes,0.9226851009641622
Alert Eyes,0.9226851009641622
Alert Eyes,0.9226851009641622
Alert Eyes,0.9226851009641622
Alert Eyes,0.9227693985099037
Alert Eyes,0.9228254948247685
Alert Eyes,0.922881509707857
Alert Eyes,0.9229234675371781
Alert Eyes,0.9229793403407032
Alert Eyes,0.922854038391887
Alert Eyes,0.9229098805646037
Alert Eyes,0.9229656419529837
Alert Eyes,0.9230213227322009
Alert Eyes,0.9230908106156346
Alert Eyes,0.9231740306582507
Alert Eyes,0.9232570707980544
Alert Eyes,0.9233399316177794
Alert Eyes,0.9234226136976451
Alert Eyes,0.9234776360696965
Alert Eyes,0.9233668341708543
Alert Eyes,0.9234218077474893
Alert Eyes,0.9234767025089605
Alert Eyes,0.9235315186246418
Alert Eyes,0.9235862562634216
Alert Eyes,0.9236409155937053
Alert Eyes,0.9236954967834168
Tired Eyes,0.9235714285714286
Alert Eyes,0.9236259814418273
Alert Eyes,0.9236804564907275
Alert Eyes,0.9237484411188313
Alert Eyes,0.9236247106996618
Alert Eyes,0.923679060665362
Alert Eyes,0.923746889441877
Alert Eyes,0.9238010657193606
Alert Eyes,0.9238551650692226
Alert Eyes,0.9239091876551969
Alert Eyes,0.923963133640553
Alert Eyes,0.9240170031880978
Alert Eyes,0.924070796460177
Alert Eyes,0.9241245136186771
Alert Eyes,0.9241781548250265
Alert Eyes,0.9242317202401978
Alert Eyes,0.9242852100247088
Alert Eyes,0.9243386243386243
Alert Eyes,0.9243919633415579
Alert Eyes,0.9244452271926735
Alert Eyes,0.9244984160506864
Alert Eyes,0.9245515300738656
Alert Eyes,0.9246045694200351
Alert Eyes,0.9246575342465754
Alert Eyes,0.9247236357255659
Alert Eyes,0.9248159831756047
Alert Eyes,0.9248818070390474
Alert Eyes,0.9249343832020998
Alert Eyes,0.9246898479818277
Alert Eyes,0.9245941700122186
Tired Eyes,0.9244986922406278
Alert Eyes,0.9245907349355625
Alert Eyes,0.9244954766875435
Alert Eyes,0.9245873153779323
Alert Eyes,0.9246527777777778
Alert Eyes,0.9247181266261926
Alert Eyes,0.9247703241462992
Alert Eyes,0.9248224493331024
Alert Eyes,0.9248224493331024
Alert Eyes,0.9248224493331024
Alert Eyes,0.9247144340602285
Alert Eyes,0.9247795261974754
Alert Eyes,0.9248315189217211
Alert Eyes,0.9247107580728717
Alert Eyes,0.9247497411114947
Alert Eyes,0.9248016557433598
Alert Eyes,0.9248405447336666
Alert Eyes,0.9248923341946598
Alert Eyes,0.9249440523325874
Alert Eyes,0.9249956992946843
Alert Eyes,0.9250214961306965
Alert Eyes,0.9250472752277806
Alert Eyes,0.925085910652921
Alert Eyes,0.925111645482652
Alert Eyes,0.9251245062682466
Alert Eyes,0.9251245062682466
Alert Eyes,0.9251759052685773
Alert Eyes,0.9252272337506431
Alert Eyes,0.9252400548696845
Alert Eyes,0.9252400548696845
Alert Eyes,0.9252528715926625
Alert Eyes,0.9252784918594688
Alert Eyes,0.9253168893456664
Alert Eyes,0.9253552473891457
Alert Eyes,0.9253552473891457
Alert Eyes,0.9253552473891457
Alert Eyes,0.9253807975355126
Tired Eyes,0.9252480328429695
Tired Eyes,0.9252480328429695
Tired Eyes,0.9252480328429695
Tired Eyes,0.9252480328429695
Tired Eyes,0.9252480328429695
Tired Eyes,0.9252480328429695
Tired Eyes,0.9252480328429695
Tired Eyes,0.9252480328429695
Tired Eyes,0.9252480328429695
Tired Eyes,0.9252480328429695
Tired Eyes,0.9252480328429695
Tired Eyes,0.9252480328429695
Tired Eyes,0.9252480328429695
Tired Eyes,0.9252480328429695
Tired Eyes,0.9252480328429695
Tired Eyes,0.9252480328429695
Tired Eyes,0.9252480328429695
Tired Eyes,0.9252480328429695
Tired Eyes,0.9252480328429695
Tired Eyes,0.9252480328429695
Tired Eyes,0.9252480328429695
Tired Eyes,0.9252480328429695
Tired Eyes,0.9252480328429695
Tired Eyes,0.9252480328429695
Tired Eyes,0.9252480328429695
Tired Eyes,0.9252480328429695
Tired Eyes,0.9252480328429695
Tired Eyes,0.9252480328429695
Tired Eyes,0.9252480328429695
Tired Eyes,0.9252480328429695
Tired Eyes,0.9252480328429695
Tired Eyes,0.9252480328429695
Tired Eyes,0.9252480328429695
Tired Eyes,0.9252480328429695
Tired Eyes,0.9252480328429695
Tired Eyes,0.9252480328429695
Tired Eyes,0.9252480328429695
Tired Eyes,0.9252480328429695
Tired Eyes,0.9252480328429695
Tired Eyes,0.9252480328429695
Tired Eyes,0.9252480328429695
Tired Eyes,0.9252480328429695
Tired Eyes,0.9252480328429695
Tired Eyes,0.9252480328429695
Tired Eyes,0.9252480328429695
Tired Eyes,0.9252480328429695
Tired Eyes,0.9252480328429695
Tired Eyes,0.9252480328429695
Tired Eyes,0.9252480328429695
Tired Eyes,0.9252480328429695
Tired Eyes,0.9252480328429695
Tired Eyes,0.9252480328429695
Tired Eyes,0.9252480328429695
Alert Eyes,0.9252608175132546
Alert Eyes,0.9252863737391007
Alert Eyes,0.9253119124935908
Alert Eyes,0.9253374337946352
Alert Eyes,0.9253629376601196
Alert Eyes,0.9253884241079051
Alert Eyes,0.9253884241079051
Alert Eyes,0.9253884241079051
Alert Eyes,0.9253884241079051
Alert Eyes,0.9253884241079051
Alert Eyes,0.9253884241079051
Alert Eyes,0.9253884241079051
Alert Eyes,0.9253884241079051
Alert Eyes,0.9253884241079051
Alert Eyes,0.925452064141931
Alert Eyes,0.9255155957047895
Alert Eyes,0.9255409780201056
Alert Eyes,0.9256043581886279
Alert Eyes,0.9256802721088435
Alert Eyes,0.9257181710011899
Alert Eyes,0.9257560312606185
Alert Eyes,0.9257938529461708
Alert Eyes,0.9258442219582556
Alert Eyes,0.9259447551262497
Alert Eyes,0.9258757827043493
Alert Eyes,0.9259509721048182
Alert Eyes,0.926026009120081
Alert Eyes,0.9259321747933187
Alert Eyes,0.9258385302545087
Alert Eyes,0.9258884958733367
Alert Eyes,0.9259633181894666
Alert Eyes,0.9260255548083389
Alert Eyes,0.9261001007725899
Alert Eyes,0.9261621077361973
Alert Eyes,0.9262116384370284
Alert Eyes,0.9262734584450402
Alert Eyes,0.9263351749539595
Alert Eyes,0.9263598326359833
Alert Eyes,0.9264214046822743
Alert Eyes,0.926458298512452
Alert Eyes,0.9263650025045918
Alert Eyes,0.9264141498414817
Alert Eyes,0.9264141498414817
Alert Eyes,0.926487747957993
Alert Eyes,0.926487747957993
Alert Eyes,0.926487747957993
Alert Eyes,0.926487747957993
Alert Eyes,0.926487747957993
Alert Eyes,0.926487747957993
Alert Eyes,0.9265122479586736
Alert Eyes,0.9263824117255163
Alert Eyes,0.9264191776261029
Alert Eyes,0.9262895174708818
Alert Eyes,0.9263140385894877
Alert Eyes,0.9263385433987363
Alert Eyes,0.9263630319148937
Alert Eyes,0.926387504154204
Alert Eyes,0.9264241820295632
Alert Eyes,0.9264486136476838
Alert Eyes,0.9264730290456431
Alert Eyes,0.9264974282395885
Alert Eyes,0.9264974282395885
Alert Eyes,0.9265339966832504
Alert Eyes,0.9265583554376657
Alert Eyes,0.926570528758495
Alert Eyes,0.926570528758495
Alert Eyes,0.926570528758495
Alert Eyes,0.926570528758495
Alert Eyes,0.926570528758495
Alert Eyes,0.926570528758495
Alert Eyes,0.926570528758495
Alert Eyes,0.926570528758495
Alert Eyes,0.926570528758495
Alert Eyes,0.926570528758495
Alert Eyes,0.926570528758495
Alert Eyes,0.926570528758495
Alert Eyes,0.926570528758495
Alert Eyes,0.926570528758495
Alert Eyes,0.926570528758495
Alert Eyes,0.926570528758495
Alert Eyes,0.926570528758495
Alert Eyes,0.926570528758495
Alert Eyes,0.926570528758495
Alert Eyes,0.926570528758495
Alert Eyes,0.926570528758495
Alert Eyes,0.926570528758495
Alert Eyes,0.926570528758495
Alert Eyes,0.926570528758495
Alert Eyes,0.926570528758495
Alert Eyes,0.926570528758495
Alert Eyes,0.926570528758495
Alert Eyes,0.926570528758495
Alert Eyes,0.926570528758495
Alert Eyes,0.926570528758495
Alert Eyes,0.9265948632974317
Alert Eyes,0.926631334879099
Alert Eyes,0.9266677702367158
Alert Eyes,0.926692040377296
Alert Eyes,0.9267526455026455
Alert Eyes,0.9268131505038824
Alert Eyes,0.9268494055482166
Alert Eyes,0.9269097508661936
Alert Eyes,0.9269459102902374
Alert Eyes,0.9269940672379697
Alert Eyes,0.9270301433042333
Alert Eyes,0.927066183733948
Alert Eyes,0.9271021885798914
Alert Eyes,0.9271501397796416
Alert Eyes,0.9271980279375514
Alert Eyes,0.9272339027595269
Alert Eyes,0.9272697422426531
Alert Eyes,0.9273055464391204
Alert Eyes,0.9273413154010169
Alert Eyes,0.9274008521796132
Alert Eyes,0.9274484113986243
Alert Eyes,0.9274959083469722
Tired Eyes,0.9273916598528209
Alert Eyes,0.9274391240398758
Alert Eyes,0.9274865262126408
Alert Eyes,0.9275338664925739
Tired Eyes,0.927429876060013
Alert Eyes,0.9274653626731867
Alert Eyes,0.9275008145975888
Alert Eyes,0.9275480299576685
Alert Eyes,0.927606962746055
Alert Eyes,0.927665799739922
Alert Eyes,0.9276893077673058
Alert Eyes,0.9274114972393634
Alert Eyes,0.9274468430449603
Alert Eyes,0.9274821544451655
Alert Eyes,0.9275409304587453
Alert Eyes,0.9275996112730807
Alert Eyes,0.9276347741622146
Alert Eyes,0.927693303138143
Alert Eyes,0.9277517375141425
Alert Eyes,0.9278100775193798
Alert Eyes,0.9278333871488538
Alert Eyes,0.9278915954186159
Alert Eyes,0.9279264753305385
Alert Eyes,0.9279497098646035
Alert Eyes,0.9280193236714975
Alert Eyes,0.928088803088803
Alert Eyes,0.9281350482315113
Alert Eyes,0.9282273603082851
Alert Eyes,0.9282964388835419
Alert Eyes,0.9283653846153846
Alert Eyes,0.9284456539138787
Alert Eyes,0.9285143131296978
Alert Eyes,0.9285714285714286
Alert Eyes,0.9284916201117318
Alert Eyes,0.9285600382714081
Alert Eyes,0.9285941982786101
Alert Eyes,0.9286396941701178
Alert Eyes,0.9286964825720198
Alert Eyes,0.9287531806615776
Alert Eyes,0.92880978865406
Alert Eyes,0.9288663067640521
Alert Eyes,0.928911456680419
Alert Eyes,0.9289340101522843
Alert Eyes,0.928990331272785
Alert Eyes,0.9290353239347379
Alert Eyes,0.9291139240506329
Alert Eyes,0.9291811571293076
Alert Eyes,0.9292482627921668
Alert Eyes,0.9291574629220575
Alert Eyes,0.9292133060066214
Alert Eyes,0.9291226964876359
Alert Eyes,0.9291673225247914
Alert Eyes,0.9292118924020765
Alert Eyes,0.9292786421499293
Alert Eyes,0.9293341708542714
Alert Eyes,0.9293896124274282
Alert Eyes,0.9292992632073993
Alert Eyes,0.9293435688547704
Alert Eyes,0.9294099233056816
Alert Eyes,0.9294540904113875
Alert Eyes,0.9294982022823198
Tired Eyes,0.9294080899578323
Alert Eyes,0.9294521616981427
Alert Eyes,0.9295071740486588
Alert Eyes,0.929595015576324
Alert Eyes,0.929660753190165
Alert Eyes,0.9297154408334629
Alert Eyes,0.9297700435052828
Alert Eyes,0.9298245614035088
Alert Eyes,0.9298789947254111
Alert Eyes,0.9299116142037526
Alert Eyes,0.9298109699411218
Alert Eyes,0.9298435806101905
Alert Eyes,0.9298653042266605
Alert Eyes,0.9299303944315546
Alert Eyes,0.9299737208223837
Alert Eyes,0.93003861003861
Alert Eyes,0.9299274579410403
Alert Eyes,0.9298164430047817
Alert Eyes,0.9297488830688646
Alert Eyes,0.929813760197014
Alert Eyes,0.9298785176072581
Alert Eyes,0.9299108515216723
Alert Eyes,0.9299539170506912
Alert Eyes,0.9299861814831875
Alert Eyes,0.9299969296898987
Alert Eyes,0.9300398895366677
Alert Eyes,0.9300613496932515
Alert Eyes,0.9301149425287356
Alert Eyes,0.9301577576964313
Alert Eyes,0.9302112029384757
Alert Eyes,0.930264566447469
Alert Eyes,0.930264566447469
Alert Eyes,0.930264566447469
Alert Eyes,0.930264566447469
Alert Eyes,0.930264566447469
Alert Eyes,0.930264566447469
Alert Eyes,0.930264566447469
Alert Eyes,0.930264566447469
Alert Eyes,0.930264566447469
Alert Eyes,0.930264566447469
Alert Eyes,0.930264566447469
Alert Eyes,0.930264566447469
Alert Eyes,0.930264566447469
Alert Eyes,0.930264566447469
Alert Eyes,0.930264566447469
Alert Eyes,0.9302965453989606
Alert Eyes,0.9303391384051329
Alert Eyes,0.9303923065180888
Alert Eyes,0.93042416844675
Tired Eyes,0.930314120158585
Alert Eyes,0.9303565985979885
Alert Eyes,0.9303990252817544
Alert Eyes,0.930441400304414
Alert Eyes,0.9304942965779468
Alert Eyes,0.9305365557075543
Alert Eyes,0.9305787634816953
Alert Eyes,0.9306103856665654
Alert Eyes,0.9306209199939275
Alert Eyes,0.9306525037936267
Alert Eyes,0.9306840588502958
Alert Eyes,0.9307260876155828
Alert Eyes,0.9307785519539533
Tired Eyes,0.9306900726392252
Alert Eyes,0.9307110438729198
Alert Eyes,0.9307529482915029
Alert Eyes,0.9307948020550015
Alert Eyes,0.9308470481654839
Alert Eyes,0.9308887882903274
Alert Eyes,0.9309304780576082
Alert Eyes,0.9309721175584024
Alert Eyes,0.9310033142512805
Alert Eyes,0.9310344827586207
Alert Eyes,0.9310759969902183
Alert Eyes,0.9311174612723718
Alert Eyes,0.9310085675635051
Alert Eyes,0.9310500225326723
Alert Eyes,0.9311017712398679
Alert Eyes,0.9311534423278836
Alert Eyes,0.9311947234297706
Alert Eyes,0.9312462552426602
Alert Eyes,0.9312977099236641
Alert Eyes,0.9313490876458271
Alert Eyes,0.9313696172248804
Alert Eyes,0.931390134529148
Alert Eyes,0.9314106395696354
Alert Eyes,0.9314311323573349
Alert Eyes,0.9314618485889204
Alert Eyes,0.9315027607819728
Alert Eyes,0.9315334128878282
Alert Eyes,0.9315640375726852
Alert Eyes,0.9314660309892729
Tired Eyes,0.9313477289650037
Alert Eyes,0.9312295325989878
Alert Eyes,0.9312602291325696
Alert Eyes,0.9312908982748364
Alert Eyes,0.9313113291703836
Alert Eyes,0.9313419527418636
Alert Eyes,0.9313725490196079
Alert Eyes,0.9314031180400891
Alert Eyes,0.931433659839715
Alert Eyes,0.931454005934718
Alert Eyes,0.9314743399584693
Alert Eyes,0.9314946619217082
Alert Eyes,0.931376908255521
Alert Eyes,0.9314074074074075
Alert Eyes,0.9314277251184834
Alert Eyes,0.931320307874482
Alert Eyes,0.9313507915372097
Alert Eyes,0.9313812481514345
Alert Eyes,0.9312536960378475
Alert Eyes,0.9312638580931264
Alert Eyes,0.931314623338257
Alert Eyes,0.9313551815766165
Alert Eyes,0.9313855688357681
Alert Eyes,0.9314159292035398
Alert Eyes,0.9314361545266883
Alert Eyes,0.9314664701547531
Alert Eyes,0.9314866656843966
Alert Eyes,0.9315169366715759
Alert Eyes,0.9315371024734982
Alert Eyes,0.9315572564027083
Alert Eyes,0.931577398469688
Alert Eyes,0.9316075893513752
Alert Eyes,0.9316277018085576
Alert Eyes,0.9316478024400999
Alert Eyes,0.9316678912564291
Alert Eyes,0.9316879682679594
Alert Eyes,0.9317080334850932
Alert Eyes,0.9317280869182205
Alert Eyes,0.931748128577719
Alert Eyes,0.9317681584739546
Alert Eyes,0.9317781690140845
Tired Eyes,0.9316414845239842
Alert Eyes,0.9316615339492594
Alert Eyes,0.9316715542521994
Alert Eyes,0.931691586045148
Alert Eyes,0.9317116060961314
Alert Eyes,0.9317416141789951
Alert Eyes,0.931781583955497
Alert Eyes,0.9318314803978935
Tired Eyes,0.9317251461988304
Alert Eyes,0.9317750182615048
Alert Eyes,0.9318148634837202
Alert Eyes,0.9318546621917408
Alert Eyes,0.9318944144669681
Alert Eyes,0.9319341203906136
Alert Eyes,0.9319836877366735
Alert Eyes,0.9320232896652111
Alert Eyes,0.9320924821870001
Tired Eyes,0.9320063925613831
Alert Eyes,0.9320557491289199
Alert Eyes,0.9321148825065274
Alert Eyes,0.9321837414867411
Alert Eyes,0.9322230267921796
Alert Eyes,0.9322818694834322
Tired Eyes,0.9321862348178138
Alert Eyes,0.9322352261233926
Alert Eyes,0.9322743682310469
Alert Eyes,0.9323329966815755
Alert Eyes,0.9323720259552992
Alert Eyes,0.9324207492795389
Alert Eyes,0.9324694024478042
Alert Eyes,0.9325179856115108
Alert Eyes,0.9325568018406672
Alert Eyes,0.9325955734406438
Alert Eyes,0.9326633165829146
Alert Eyes,0.9325778224071152
Alert Eyes,0.9326164874551971
Alert Eyes,0.932674401948145
Alert Eyes,0.9327129563350036
Alert Eyes,0.932761087267525
Alert Eyes,0.9327899327899328
Alert Eyes,0.9328379537010575
Alert Eyes,0.9328571428571428
Alert Eyes,0.9328859060402684
Alert Eyes,0.9329337899543378
Alert Eyes,0.9329911605360707
Alert Eyes,0.933029353092049
Alert Eyes,0.9329346433148227
Alert Eyes,0.9329823562891292
Alert Eyes,0.9330204778156996
Alert Eyes,0.9330680687793094
Alert Eyes,0.9331060928845335
Alert Eyes,0.9331440738112137
Tired Eyes,0.9330591405474401
Tired Eyes,0.9329553508150248
Alert Eyes,0.9329933418331209
Tired Eyes,0.9328897069234037
Alert Eyes,0.9329466685528364
Alert Eyes,0.9329845892831896
Alert Eyes,0.9330319299237073
Alert Eyes,0.9330792037272342
Alert Eyes,0.9331169747424862
Alert Eyes,0.9331735513886931
Tired Eyes,0.9330797407720485
Alert Eyes,0.9331456720619282
Alert Eyes,0.9331926863572433
Alert Eyes,0.9332490163012929
Alert Eyes,0.933305251333895
Alert Eyes,0.9333520415322015
Alert Eyes,0.9333987661245092
Alert Eyes,0.9334360986547086
Tired Eyes,0.9332119854382526
Alert Eyes,0.93325870994823
Alert Eyes,0.9332960425115369
Alert Eyes,0.9333333333333333
Alert Eyes,0.9333891914537076
Alert Eyes,0.9334263782274947
Alert Eyes,0.9334635235039754
Alert Eyes,0.9335191637630662
Alert Eyes,0.9335562055996657
Alert Eyes,0.9336116910229645
Alert Eyes,0.9336670838548186
Alert Eyes,0.9337131739855475
Alert Eyes,0.9337592001110957
Alert Eyes,0.933795975017349
Alert Eyes,0.9338510608792123
Alert Eyes,0.9338968957871396
Alert Eyes,0.9339335180055401
Alert Eyes,0.9339700996677741
Alert Eyes,0.9340066408411732
Alert Eyes,0.9340431415929203
Alert Eyes,0.9340613768316284
Alert Eyes,0.9340796019900498
Alert Eyes,0.9341160220994476
Alert Eyes,0.934152401987852
Alert Eyes,0.9341978203890192
Alert Eyes,0.9342341100234386
Alert Eyes,0.9342613009922822
Alert Eyes,0.934297520661157
Alert Eyes,0.9343337004405287
Alert Eyes,0.9343698403962576
Alert Eyes,0.9343969192683262
